"DATA","MAQUINA","CODIGO","QTD","QTD_REF","QTD_RET","DESCRICAO","DESTINO","COMP","PESO_TOTAL"
"2025-11-12","Conformadora de Telhas","02014","100","0","0","TELHA GALVALUME OND 17 0,43MM 4,00M","Estoque","",""
"2025-11-12","Conformadora de Telhas","02000","51","0","0","TELHA GALVALUME TP 40 0,43MM","Estoque","",""
"2025-11-12","Perfil ""U"" BR200 Regiane","00651k","635","0","0","PERFIL US 50X25X1,95 GALV","Estoque","",""
"2025-11-12","Perfil ""U"" Marafon","00670k","320","0","0","PERFIL UE 75X40X15X1,95 GALV","Estoque","",""
"2025-11-13","Conformadora de Telhas","02017","100","0","0","TELHA GALVALUME OND 17 0,43MM 7,00M","Estoque","",""
"2025-11-13","Conformadora de Telhas","02016","200","0","0","TELHA GALVALUME OND 17 0,43MM 6,00M","Estoque","",""
"2025-11-13","Conformadora de Telhas","02015","100","0","0","TELHA GALVALUME OND 17 0,43MM 5,00M","Estoque","",""
"2025-11-13","Conformadora de Telhas","02000","94","0","0","TELHA GALVALUME TP 40 0,43MM","Estoque","",""
"2025-11-13","Conformadora de Telhas","02005","100","0","0","TELHA GALVALUME TP 40 0,43MM 5,00M","Estoque","",""
"2025-11-13","Conformadora de Telhas","02004","100","0","0","TELHA GALVALUME TP 40 0,43MM 4,00M","Estoque","",""
"2025-11-13","Conformadora de Telhas","02020","218","0","0","TELHA CUMEEIRA GL TRAP 40 ABAS 300MM","Estoque","",""
"2025-11-12","Perfil ""U"" BR200 Regiane","00651b","749","0","0","PERFIL US 50X25X2,00","Estoque","",""
"2025-11-13","Perfil ""U"" BR200 Regiane","00651b","635","0","0","PERFIL US 50X25X2,00","Estoque","",""
"2025-11-14","Conformadora de Telhas","02020","100","0","0","TELHA CUMEEIRA GL TRAP 40 ABAS 300MM","Estoque","",""
"2025-11-14","Conformadora de Telhas","02000","155","0","0","TELHA GALVALUME TP 40 0,43MM","Estoque","",""
"2025-11-10","Conformadora de Telhas","02004","300","0","0","TELHA GALVALUME TP 40 0,43MM 4,00M","Estoque","",""
"2025-11-10","Conformadora de Telhas","02000","10","0","0","TELHA GALVALUME TP 40 0,43MM","Estoque","",""
"2025-11-10","Conformadora de Telhas","02000","11","0","0","TELHA GALVALUME TP 40 0,43MM","Estoque","",""
"2025-11-10","Conformadora de Telhas","02006","3","0","0","TELHA GALVALUME TP 40 0,43MM 6,00M","Estoque","",""
"2025-11-10","Conformadora de Telhas","02000","3","0","0","TELHA GALVALUME TP 40 0,43MM","Estoque","",""
"2025-11-10","Conformadora de Telhas","02000","3","0","0","TELHA GALVALUME TP 40 0,43MM","Estoque","",""
"2025-11-10","Conformadora de Telhas","02000","3","0","0","TELHA GALVALUME TP 40 0,43MM","Estoque","",""
"2025-11-10","Conformadora de Telhas","02000","3","0","0","TELHA GALVALUME TP 40 0,43MM","Estoque","",""
"2025-11-10","Conformadora de Telhas","02006","100","0","0","TELHA GALVALUME TP 40 0,43MM 6,00M","Estoque","",""
"2025-11-10","Conformadora de Telhas","02005","100","0","0","TELHA GALVALUME TP 40 0,43MM 5,00M","Estoque","",""
"2025-11-10","Conformadora de Telhas","02003","100","0","0","TELHA GALVALUME TP 40 0,43MM 3,00M","Estoque","",""
"2025-11-07","Conformadora de Telhas","02000","3","0","0","TELHA GALVALUME TP 40 0,43MM","Estoque","",""
"2025-11-11","Conformadora de Telhas","02006","180","0","0","TELHA GALVALUME TP 40 0,43MM 6,00M","Estoque","",""
"2025-11-11","Conformadora de Telhas","02005","60","0","0","TELHA GALVALUME TP 40 0,43MM 5,00M","Estoque","",""
"2025-11-11","Conformadora de Telhas","02020","67","0","0","TELHA CUMEEIRA GL TRAP 40 ABAS 300MM","Estoque","",""
"2025-11-11","Conformadora de Telhas","02006","200","0","0","TELHA GALVALUME TP 40 0,43MM 6,00M","Estoque","",""
"2025-11-03","Conformadora de Telhas","02017","55","0","0","TELHA GALVALUME OND 17 0,43MM 7,00M","Estoque","",""
"2025-11-03","Conformadora de Telhas","02017","45","0","0","TELHA GALVALUME OND 17 0,43MM 7,00M","Estoque","",""
"2025-11-03","Conformadora de Telhas","02004","200","0","0","TELHA GALVALUME TP 40 0,43MM 4,00M","Estoque","",""
"2025-11-03","Conformadora de Telhas","02005","200","0","0","TELHA GALVALUME TP 40 0,43MM 5,00M","Estoque","",""
"2025-11-03","Conformadora de Telhas","02006","200","0","0","TELHA GALVALUME TP 40 0,43MM 6,00M","Estoque","",""
"2025-11-03","Conformadora de Telhas","02000","10","9","0","TELHA GALVALUME TP 40 0,43MM","Estoque","",""
"2025-11-03","Conformadora de Telhas","02000","10","8","0","TELHA GALVALUME TP 40 0,43MM","Estoque","",""
"2025-11-03","Conformadora de Telhas","02000","3","2","0","TELHA GALVALUME TP 40 0,43MM","Estoque","",""
"2025-11-03","Conformadora de Telhas","02000","2","1","0","TELHA GALVALUME TP 40 0,43MM","Estoque","",""
"2025-11-03","Conformadora de Telhas","02000","10","0","0","TELHA GALVALUME TP 40 0,43MM","Estoque","",""
"2025-11-03","Conformadora de Telhas","02000","6","0","0","TELHA GALVALUME TP 40 0,43MM","Estoque","",""
"2025-11-04","Conformadora de Telhas","02000","11","0","0","TELHA GALVALUME TP 40 0,43MM","Estoque","",""
"2025-11-04","Conformadora de Telhas","02000","21","0","0","TELHA GALVALUME TP 40 0,43MM","Estoque","",""
"2025-11-04","Conformadora de Telhas","02007","200","0","0","TELHA GALVALUME TP 40 0,43MM 7,00M","Estoque","",""
"2025-11-04","Conformadora de Telhas","02008","62","0","0","TELHA GALVALUME TP 40 0,43MM 8,00M","Estoque","",""
"2025-11-04","Conformadora de Telhas","02008","38","0","0","TELHA GALVALUME TP 40 0,43MM 8,00M","Estoque","",""
"2025-11-04","Conformadora de Telhas","02017","100","0","0","TELHA GALVALUME OND 17 0,43MM 7,00M","Estoque","",""
"2025-11-04","Conformadora de Telhas","02014","200","0","0","TELHA GALVALUME OND 17 0,43MM 4,00M","Estoque","",""
"2025-11-05","Conformadora de Telhas","02000","26","0","0","TELHA GALVALUME TP 40 0,43MM","Estoque","",""
"2025-11-05","Conformadora de Telhas","02000","26","0","0","TELHA GALVALUME TP 40 0,43MM","Estoque","",""
"2025-11-05","Conformadora de Telhas","02000","13","0","0","TELHA GALVALUME TP 40 0,43MM","Estoque","",""
"2025-11-05","Conformadora de Telhas","02000","26","0","0","TELHA GALVALUME TP 40 0,43MM","Estoque","",""
"2025-11-05","Conformadora de Telhas","02000","13","0","0","TELHA GALVALUME TP 40 0,43MM","Estoque","",""
"2025-11-05","Conformadora de Telhas","02000","10","0","0","TELHA GALVALUME TP 40 0,43MM","Estoque","",""
"2025-11-05","Conformadora de Telhas","02007","6","0","0","TELHA GALVALUME TP 40 0,43MM 7,00M","Estoque","",""
"2025-11-05","Conformadora de Telhas","02005","10","0","0","TELHA GALVALUME TP 40 0,43MM 5,00M","Estoque","",""
"2025-11-05","Conformadora de Telhas","02000","10","0","0","TELHA GALVALUME TP 40 0,43MM","Estoque","",""
"2025-11-05","Conformadora de Telhas","02000","4","0","0","TELHA GALVALUME TP 40 0,43MM","Estoque","",""
"2025-11-05","Conformadora de Telhas","02000","13","0","0","TELHA GALVALUME TP 40 0,43MM","Estoque","",""
"2025-11-05","Conformadora de Telhas","02000","14","0","0","TELHA GALVALUME TP 40 0,43MM","Estoque","",""
"2025-11-11","Conformadora de Telhas","02005","200","0","0","TELHA GALVALUME TP 40 0,43MM 5,00M","Estoque","",""
"2025-11-11","Conformadora de Telhas","02003","100","0","0","TELHA GALVALUME TP 40 0,43MM 3,00M","Estoque","",""
"2025-11-11","Conformadora de Telhas","02000","109","0","0","TELHA GALVALUME TP 40 0,43MM","Estoque","",""
"2025-11-05","Conformadora de Telhas","02000","24","0","0","TELHA GALVALUME TP 40 0,43MM","Estoque","",""
"2025-11-05","Conformadora de Telhas","02000","24","0","0","TELHA GALVALUME TP 40 0,43MM","Estoque","",""
"2025-11-05","Conformadora de Telhas","02004","18","0","0","TELHA GALVALUME TP 40 0,43MM 4,00M","Estoque","",""
"2025-11-05","Conformadora de Telhas","02016","11","0","0","TELHA GALVALUME OND 17 0,43MM 6,00M","Estoque","",""
"2025-11-05","Conformadora de Telhas","02016","89","0","0","TELHA GALVALUME OND 17 0,43MM 6,00M","Estoque","",""
"2025-11-05","Conformadora de Telhas","02016","100","0","0","TELHA GALVALUME OND 17 0,43MM 6,00M","Estoque","",""
"2025-11-06","Conformadora de Telhas","02018","100","0","0","TELHA GALVALUME OND 17 0,43MM 8,00M","Estoque","",""
"2025-11-06","Conformadora de Telhas","02017","1","0","0","TELHA GALVALUME OND 17 0,43MM 7,00M","Estoque","",""
"2025-11-06","Conformadora de Telhas","02016","100","0","0","TELHA GALVALUME OND 17 0,43MM 6,00M","Estoque","",""
"2025-11-06","Conformadora de Telhas","02015","100","0","0","TELHA GALVALUME OND 17 0,43MM 5,00M","Estoque","",""
"2025-11-06","Conformadora de Telhas","02016","212","0","0","TELHA GALVALUME OND 17 0,43MM 6,00M","Estoque","",""
"2025-11-06","Conformadora de Telhas","02015","18","0","0","TELHA GALVALUME OND 17 0,43MM 5,00M","Estoque","",""
"2025-11-06","Conformadora de Telhas","02014","18","0","0","TELHA GALVALUME OND 17 0,43MM 4,00M","Estoque","",""
"2025-11-06","Conformadora de Telhas","02013","54","0","0","TELHA GALVALUME OND 17 0,43MM 3,00M","Estoque","",""
"2025-11-06","Conformadora de Telhas","02000","35","0","0","TELHA GALVALUME TP 40 0,43MM","Estoque","",""
"2025-11-06","Conformadora de Telhas","02005","5","0","0","TELHA GALVALUME TP 40 0,43MM 5,00M","Estoque","",""
"2025-11-06","Conformadora de Telhas","02004","3","0","0","TELHA GALVALUME TP 40 0,43MM 4,00M","Estoque","",""
"2025-11-07","Conformadora de Telhas","02020","200","0","0","TELHA CUMEEIRA GL TRAP 40 ABAS 300MM","Estoque","",""
"2025-11-07","Conformadora de Telhas","02000","3","0","0","TELHA GALVALUME TP 40 0,43MM","Estoque","",""
"2025-11-07","Conformadora de Telhas","02005","1","0","0","TELHA GALVALUME TP 40 0,43MM 5,00M","Estoque","",""
"2025-11-07","Conformadora de Telhas","02004","3","0","0","TELHA GALVALUME TP 40 0,43MM 4,00M","Estoque","",""
"2025-11-07","Conformadora de Telhas","02000","8","0","0","TELHA GALVALUME TP 40 0,43MM","Estoque","",""
"2025-11-07","Conformadora de Telhas","02003","1","0","0","TELHA GALVALUME TP 40 0,43MM 3,00M","Estoque","",""
"2025-11-07","Conformadora de Telhas","02006","300","0","0","TELHA GALVALUME TP 40 0,43MM 6,00M","Estoque","",""
"2025-11-07","Conformadora de Telhas","02000","11","0","0","TELHA GALVALUME TP 40 0,43MM","Estoque","",""
"2025-11-07","Conformadora de Telhas","02003","8","0","0","TELHA GALVALUME TP 40 0,43MM 3,00M","Estoque","",""
"2025-11-07","Conformadora de Telhas","02000","2","0","0","TELHA GALVALUME TP 40 0,43MM","Estoque","",""
"2025-11-07","Conformadora de Telhas","02006","16","0","0","TELHA GALVALUME TP 40 0,43MM 6,00M","Estoque","",""
"2025-11-07","Conformadora de Telhas","02000","10","0","0","TELHA GALVALUME TP 40 0,43MM","Estoque","",""
"2025-11-07","Conformadora de Telhas","02000","52","0","0","TELHA GALVALUME TP 40 0,43MM","Estoque","",""
"2025-11-07","Conformadora de Telhas","02005","52","0","0","TELHA GALVALUME TP 40 0,43MM 5,00M","Estoque","",""
"2025-11-07","Conformadora de Telhas","02000","27","0","0","TELHA GALVALUME TP 40 0,43MM","Estoque","",""
"2025-11-07","Conformadora de Telhas","02000","4","0","0","TELHA GALVALUME TP 40 0,43MM","Estoque","",""
"2025-11-07","Conformadora de Telhas","02000","3","0","0","TELHA GALVALUME TP 40 0,43MM","Estoque","",""
"2025-11-07","Conformadora de Telhas","02000","3","0","0","TELHA GALVALUME TP 40 0,43MM","Estoque","",""
"2025-11-07","Conformadora de Telhas","02000","3","0","0","TELHA GALVALUME TP 40 0,43MM","Estoque","",""
"2025-11-07","Conformadora de Telhas","02003","6","0","0","TELHA GALVALUME TP 40 0,43MM 3,00M","Estoque","",""
"2025-11-10","Conformadora de Telhas","02015","20","0","0","TELHA GALVALUME OND 17 0,43MM 5,00M","Estoque","",""
"2025-11-10","Conformadora de Telhas","02014","21","0","0","TELHA GALVALUME OND 17 0,43MM 4,00M","Estoque","",""
"2025-11-10","Conformadora de Telhas","02017","12","0","0","TELHA GALVALUME OND 17 0,43MM 7,00M","Estoque","",""
"2025-11-10","Conformadora de Telhas","02016","14","0","0","TELHA GALVALUME OND 17 0,43MM 6,00M","Estoque","",""
"2025-11-10","Conformadora de Telhas","02015","8","0","0","TELHA GALVALUME OND 17 0,43MM 5,00M","Estoque","",""
"2025-11-10","Conformadora de Telhas","02014","29","0","0","TELHA GALVALUME OND 17 0,43MM 4,00M","Estoque","",""
"2025-11-10","Conformadora de Telhas","02014","14","0","0","TELHA GALVALUME OND 17 0,43MM 4,00M","Estoque","",""
"2025-11-11","Perfil ""U"" ZL","00664D","88","0","0","PERFIL US 150X50X2,65","Estoque","",""
"2025-11-11","Perfil ""U"" ZL","00664E","158","0","0","PERFIL US 150X50X3,00","Estoque","",""
"2025-11-12","Conformadora de Telhas","02000","48","0","0","TELHA GALVALUME TP 40 0,43MM","Estoque","",""
"2025-11-12","Conformadora de Telhas","02020","100","0","0","TELHA CUMEEIRA GL TRAP 40 ABAS 300MM","Estoque","",""
"2025-11-12","Conformadora de Telhas","02006","300","0","0","TELHA GALVALUME TP 40 0,43MM 6,00M","Estoque","",""
"2025-11-12","Conformadora de Telhas","02017","21","0","0","TELHA GALVALUME OND 17 0,43MM 7,00M","Estoque","",""
"2025-11-12","Conformadora de Telhas","02000","21","0","0","TELHA GALVALUME TP 40 0,43MM","Estoque","",""
"2025-11-12","Conformadora de Telhas","02014","10","0","0","TELHA GALVALUME OND 17 0,43MM 4,00M","Estoque","",""
"2025-11-12","Conformadora de Telhas","02000","10","0","0","TELHA GALVALUME TP 40 0,43MM","Estoque","",""
"2025-11-12","Conformadora de Telhas","02000","10","0","0","TELHA GALVALUME TP 40 0,43MM","Estoque","",""
"2025-11-12","Conformadora de Telhas","02017","100","0","0","TELHA GALVALUME OND 17 0,43MM 7,00M","Estoque","",""
"2025-11-12","Conformadora de Telhas","02016","100","0","0","TELHA GALVALUME OND 17 0,43MM 6,00M","Estoque","",""
"2025-11-14","Conformadora de Telhas","02006","10","0","0","TELHA GALVALUME TP 40 0,43MM 6,00M","Estoque","",""
"2025-11-14","Conformadora de Telhas","02004","2","0","0","TELHA GALVALUME TP 40 0,43MM 4,00M","Estoque","",""
"2025-11-14","Conformadora de Telhas","02006","150","0","0","TELHA GALVALUME TP 40 0,43MM 6,00M","Estoque","",""
"2025-11-14","Conformadora de Telhas","02007","10","0","0","TELHA GALVALUME TP 40 0,43MM 7,00M","Estoque","",""
"2025-11-14","Conformadora de Telhas","02006","4","0","0","TELHA GALVALUME TP 40 0,43MM 6,00M","Estoque","",""
"2025-11-14","Conformadora de Telhas","02005","8","0","0","TELHA GALVALUME TP 40 0,43MM 5,00M","Estoque","",""
"2025-11-14","Conformadora de Telhas","02004","15","0","0","TELHA GALVALUME TP 40 0,43MM 4,00M","Estoque","",""
"2025-11-14","Conformadora de Telhas","02006","11","0","0","TELHA GALVALUME TP 40 0,43MM 6,00M","Estoque","",""
"2025-11-14","Conformadora de Telhas","02005","100","0","0","TELHA GALVALUME TP 40 0,43MM 5,00M","Estoque","",""
"2025-11-14","Conformadora de Telhas","02000","36","0","0","TELHA GALVALUME TP 40 0,43MM","Estoque","",""
"2025-11-14","Conformadora de Telhas","02000","34","0","0","TELHA GALVALUME TP 40 0,43MM","Estoque","",""
"2025-11-14","Conformadora de Telhas","02016","10","0","0","TELHA GALVALUME OND 17 0,43MM 6,00M","Estoque","",""
"2025-11-14","Conformadora de Telhas","02015","5","0","0","TELHA GALVALUME OND 17 0,43MM 5,00M","Estoque","",""
"2025-11-14","Conformadora de Telhas","02014","10","0","0","TELHA GALVALUME OND 17 0,43MM 4,00M","Estoque","",""
"2025-11-14","Conformadora de Telhas","02013","5","0","0","TELHA GALVALUME OND 17 0,43MM 3,00M","Estoque","",""
"2025-11-14","Perfil ""U"" BR200 Regiane","00651a","241","0","0","PERFIL US 50X25X1,80","Estoque","",""
"2026-02-20","Perf. Telha Trapezoidal Marafon","02007","200","0","0","TELHA GALVALUME TP 40 0,43MM 7,00M","Estoque","",""
"2026-02-20","Perf. Telha Trapezoidal Marafon","02000","13","0","0","TELHA GALVALUME TP 40 0,43MM","Estoque","",""
"2026-02-20","Perf. Telha Trapezoidal Marafon","02020","200","0","0","TELHA CUMEEIRA GL TRAP 40 ABAS 300MM","Estoque","",""
"2026-02-20","Perf. Telha Trapezoidal Marafon","02020","200","0","0","TELHA CUMEEIRA GL TRAP 40 ABAS 300MM","Estoque","",""
"2026-02-23","Perf. Telha Ondulada V8","02007","500","0","0","TELHA GALVALUME TP 40 0,43MM 7,00M","Estoque","",""
"2026-02-23","Perf. Telha Ondulada V8","02005","500","1","0","TELHA GALVALUME TP 40 0,43MM 5,00M","Estoque","",""
"2026-02-23","Perf. Telha Trapezoidal Marafon","02000","4","0","0","TELHA GALVALUME TP 40 0,43MM","Estoque","",""
"2026-02-23","Perf. Telha Trapezoidal Marafon","02000","7","0","0","TELHA GALVALUME TP 40 0,43MM","Estoque","",""
"2026-02-23","Perf. Telha Trapezoidal Marafon","02000","21","0","0","TELHA GALVALUME TP 40 0,43MM","Estoque","",""
"2026-02-23","Perf. Telha Trapezoidal Marafon","02005","15","0","0","TELHA GALVALUME TP 40 0,43MM 5,00M","Estoque","",""
"2026-02-23","Perf. Telha Trapezoidal Marafon","02000","15","0","0","TELHA GALVALUME TP 40 0,43MM","Estoque","",""
"2026-02-23","Perf. Telha Trapezoidal Marafon","02004","32","0","0","TELHA GALVALUME TP 40 0,43MM 4,00M","Estoque","",""
"2026-02-23","Perf. Telha Trapezoidal Marafon","02000","27","0","0","TELHA GALVALUME TP 40 0,43MM","Estoque","",""
"2026-02-23","Perf. Telha Trapezoidal Marafon","02000","6","0","0","TELHA GALVALUME TP 40 0,43MM","Estoque","",""
"2026-02-02","Perf. Telha Trapezoidal Marafon","02020","100","0","0","TELHA CUMEEIRA GL TRAP 40 ABAS 300MM","Estoque","",""
"2026-02-02","Perf. Telha Trapezoidal Marafon","02000","10","0","0","TELHA GALVALUME TP 40 0,43MM","Estoque","",""
"2026-02-02","Perf. Telha Trapezoidal Marafon","02000","30","0","0","TELHA GALVALUME TP 40 0,43MM","Estoque","",""
"2026-02-02","Perf. Telha Trapezoidal Marafon","02000","24","0","0","TELHA GALVALUME TP 40 0,43MM","Estoque","",""
"2026-02-02","Perf. Telha Trapezoidal Marafon","02020","6","0","0","TELHA CUMEEIRA GL TRAP 40 ABAS 300MM","Estoque","",""
"2026-02-02","Perf. Telha Trapezoidal Marafon","02000","14","0","0","TELHA GALVALUME TP 40 0,43MM","Estoque","",""
"2026-02-02","Perf. Telha Trapezoidal Marafon","02005","7","0","0","TELHA GALVALUME TP 40 0,43MM 5,00M","Estoque","",""
"2026-02-02","Perf. Telha Trapezoidal Marafon","02005","93","0","0","TELHA GALVALUME TP 40 0,43MM 5,00M","Estoque","",""
"2026-02-02","Perf. Telha Trapezoidal Marafon","02005","38","0","0","TELHA GALVALUME TP 40 0,43MM 5,00M","Estoque","",""
"2026-02-02","Perf. Telha Trapezoidal Marafon","02000","3","0","0","TELHA GALVALUME TP 40 0,43MM","Estoque","",""
"2026-02-02","Perf. Telha Trapezoidal Marafon","02004","1","0","0","TELHA GALVALUME TP 40 0,43MM 4,00M","Estoque","",""
"2026-02-02","Perf. Telha Trapezoidal Marafon","02000","5","0","0","TELHA GALVALUME TP 40 0,43MM","Estoque","",""
"2026-02-02","Perf. Telha Trapezoidal Marafon","02003","38","0","0","TELHA GALVALUME TP 40 0,43MM 3,00M","Estoque","",""
"2026-02-02","Perf. Telha Trapezoidal Marafon","02000","4","0","0","TELHA GALVALUME TP 40 0,43MM","Estoque","",""
"2026-02-02","Perf. Telha Trapezoidal Marafon","02000","8","0","0","TELHA GALVALUME TP 40 0,43MM","Estoque","",""
"2026-02-02","Perf. Telha Trapezoidal Marafon","02000","4","0","0","TELHA GALVALUME TP 40 0,43MM","Estoque","",""
"2026-02-02","Perf. Telha Trapezoidal Marafon","02004","296","0","0","TELHA GALVALUME TP 40 0,43MM 4,00M","Estoque","",""
"2026-02-02","Perf. Telha Trapezoidal Marafon","02004","4","0","0","TELHA GALVALUME TP 40 0,43MM 4,00M","Estoque","",""
"2026-02-02","Perf. Telha Trapezoidal Marafon","02007","100","0","0","TELHA GALVALUME TP 40 0,43MM 7,00M","Estoque","",""
"2026-02-02","Perf. Telha Trapezoidal Marafon","02003","100","0","0","TELHA GALVALUME TP 40 0,43MM 3,00M","Estoque","",""
"2026-02-02","Perf. Telha Trapezoidal Marafon","02003","100","0","0","TELHA GALVALUME TP 40 0,43MM 3,00M","Estoque","",""
"2026-02-03","Perf. Telha Trapezoidal Marafon","02006","148","0","0","TELHA GALVALUME TP 40 0,43MM 6,00M","Estoque","",""
"2026-02-03","Perf. Telha Trapezoidal Marafon","02006","52","0","0","TELHA GALVALUME TP 40 0,43MM 6,00M","Estoque","",""
"2026-02-03","Perf. Telha Trapezoidal Marafon","02000","22","0","0","TELHA GALVALUME TP 40 0,43MM","Estoque","",""
"2026-02-03","Perf. Telha Trapezoidal Marafon","02020","22","0","0","TELHA CUMEEIRA GL TRAP 40 ABAS 300MM","Estoque","",""
"2026-02-03","Perf. Telha Trapezoidal Marafon","02000","44","0","0","TELHA GALVALUME TP 40 0,43MM","Estoque","",""
"2026-02-03","Perf. Telha Trapezoidal Marafon","02006","12","0","0","TELHA GALVALUME TP 40 0,43MM 6,00M","Estoque","",""
"2026-02-03","Perf. Telha Trapezoidal Marafon","02000","12","0","0","TELHA GALVALUME TP 40 0,43MM","Estoque","",""
"2026-02-03","Perf. Telha Trapezoidal Marafon","02000","24","0","0","TELHA GALVALUME TP 40 0,43MM","Estoque","",""
"2026-02-03","Perf. Telha Trapezoidal Marafon","02000","36","0","0","TELHA GALVALUME TP 40 0,43MM","Estoque","",""
"2026-02-03","Perf. Telha Trapezoidal Marafon","02000","36","0","0","TELHA GALVALUME TP 40 0,43MM","Estoque","",""
"2026-02-03","Perf. Telha Trapezoidal Marafon","02000","12","0","0","TELHA GALVALUME TP 40 0,43MM","Estoque","",""
"2026-02-03","Perf. Telha Trapezoidal Marafon","02006","12","0","0","TELHA GALVALUME TP 40 0,43MM 6,00M","Estoque","",""
"2026-02-03","Perf. Telha Trapezoidal Marafon","02000","21","0","0","TELHA GALVALUME TP 40 0,43MM","Estoque","",""
"2026-02-03","Perf. Telha Trapezoidal Marafon","02007","81","0","0","TELHA GALVALUME TP 40 0,43MM 7,00M","Estoque","",""
"2026-02-03","Perf. Telha Trapezoidal Marafon","02006","1","0","0","TELHA GALVALUME TP 40 0,43MM 6,00M","Estoque","",""
"2026-02-03","Perf. Telha Trapezoidal Marafon","02006","119","0","0","TELHA GALVALUME TP 40 0,43MM 6,00M","Estoque","",""
"2026-02-03","Perf. Telha Trapezoidal Marafon","02004","100","0","0","TELHA GALVALUME TP 40 0,43MM 4,00M","Estoque","",""
"2026-02-04","Perf. Telha Trapezoidal Marafon","02020","100","0","0","TELHA CUMEEIRA GL TRAP 40 ABAS 300MM","Estoque","",""
"2026-02-04","Perf. Telha Trapezoidal Marafon","02004","100","0","0","TELHA GALVALUME TP 40 0,43MM 4,00M","Estoque","",""
"2026-02-04","Perf. Telha Trapezoidal Marafon","02000","12","0","0","TELHA GALVALUME TP 40 0,43MM","Estoque","",""
"2026-02-04","Perf. Telha Trapezoidal Marafon","02000","7","0","0","TELHA GALVALUME TP 40 0,43MM","Estoque","",""
"2026-02-04","Perf. Telha Trapezoidal Marafon","02005","91","0","0","TELHA GALVALUME TP 40 0,43MM 5,00M","Estoque","",""
"2026-02-04","Perf. Telha Trapezoidal Marafon","02005","209","0","0","TELHA GALVALUME TP 40 0,43MM 5,00M","Estoque","",""
"2026-02-04","Perf. Telha Trapezoidal Marafon","02007","100","0","0","TELHA GALVALUME TP 40 0,43MM 7,00M","Estoque","",""
"2026-02-04","Perf. Telha Trapezoidal Marafon","02017","100","0","0","TELHA GALVALUME OND 17 0,43MM 7,00M","Estoque","",""
"2026-02-04","Perf. Telha Trapezoidal Marafon","02013","100","0","0","TELHA GALVALUME OND 17 0,43MM 3,00M","Estoque","",""
"2026-02-04","Perf. Telha Trapezoidal Marafon","02005","13","0","0","TELHA GALVALUME TP 40 0,43MM 5,00M","Estoque","",""
"2026-02-04","Perf. Telha Trapezoidal Marafon","02000","17","0","0","TELHA GALVALUME TP 40 0,43MM","Estoque","",""
"2026-02-04","Perf. Telha Trapezoidal Marafon","02000","11","0","0","TELHA GALVALUME TP 40 0,43MM","Estoque","",""
"2026-02-04","Perf. Telha Trapezoidal Marafon","02007","100","0","0","TELHA GALVALUME TP 40 0,43MM 7,00M","Estoque","",""
"2026-02-05","Perf. Telha Trapezoidal Marafon","02006","66","0","0","TELHA GALVALUME TP 40 0,43MM 6,00M","Estoque","",""
"2026-02-05","Perf. Telha Trapezoidal Marafon","02006","134","0","0","TELHA GALVALUME TP 40 0,43MM 6,00M","Estoque","",""
"2026-02-05","Perf. Telha Trapezoidal Marafon","02008","100","0","0","TELHA GALVALUME TP 40 0,43MM 8,00M","Estoque","",""
"2026-02-05","Perf. Telha Trapezoidal Marafon","02000","18","0","0","TELHA GALVALUME TP 40 0,43MM","Estoque","",""
"2026-02-05","Perf. Telha Trapezoidal Marafon","02000","16","0","0","TELHA GALVALUME TP 40 0,43MM","Estoque","",""
"2026-02-05","Perf. Telha Trapezoidal Marafon","02000","5","0","0","TELHA GALVALUME TP 40 0,43MM","Estoque","",""
"2026-02-05","Perf. Telha Trapezoidal Marafon","02020","100","0","0","TELHA CUMEEIRA GL TRAP 40 ABAS 300MM","Estoque","",""
"2026-02-05","Perf. Telha Trapezoidal Marafon","02000","10","0","0","TELHA GALVALUME TP 40 0,43MM","Estoque","",""
"2026-02-05","Perf. Telha Trapezoidal Marafon","02000","13","0","0","TELHA GALVALUME TP 40 0,43MM","Estoque","",""
"2026-02-05","Perf. Telha Trapezoidal Marafon","02006","30","0","0","TELHA GALVALUME TP 40 0,43MM 6,00M","Estoque","",""
"2026-02-05","Perf. Telha Trapezoidal Marafon","02000","32","0","0","TELHA GALVALUME TP 40 0,43MM","Estoque","",""
"2026-02-05","Perf. Telha Trapezoidal Marafon","02005","25","0","0","TELHA GALVALUME TP 40 0,43MM 5,00M","Estoque","",""
"2026-02-05","Perf. Telha Trapezoidal Marafon","02004","26","0","0","TELHA GALVALUME TP 40 0,43MM 4,00M","Estoque","",""
"2026-02-05","Perf. Telha Trapezoidal Marafon","02000","25","0","0","TELHA GALVALUME TP 40 0,43MM","Estoque","",""
"2026-02-06","Perf. Telha Trapezoidal Marafon","02007","63","0","0","TELHA GALVALUME TP 40 0,43MM 7,00M","Estoque","",""
"2026-02-06","Perf. Telha Trapezoidal Marafon","02007","37","0","0","TELHA GALVALUME TP 40 0,43MM 7,00M","Estoque","",""
"2026-02-06","Perf. Telha Trapezoidal Marafon","02000","40","0","0","TELHA GALVALUME TP 40 0,43MM","Estoque","",""
"2026-02-06","Perf. Telha Trapezoidal Marafon","02003","20","0","0","TELHA GALVALUME TP 40 0,43MM 3,00M","Estoque","",""
"2026-02-06","Perf. Telha Trapezoidal Marafon","02000","46","0","0","TELHA GALVALUME TP 40 0,43MM","Estoque","",""
"2026-02-06","Perf. Telha Trapezoidal Marafon","02003","23","0","0","TELHA GALVALUME TP 40 0,43MM 3,00M","Estoque","",""
"2026-02-06","Perf. Telha Trapezoidal Marafon","02000","28","0","0","TELHA GALVALUME TP 40 0,43MM","Estoque","",""
"2026-02-06","Perf. Telha Trapezoidal Marafon","02000","28","0","0","TELHA GALVALUME TP 40 0,43MM","Estoque","",""
"2026-02-06","Perf. Telha Trapezoidal Marafon","02003","28","0","0","TELHA GALVALUME TP 40 0,43MM 3,00M","Estoque","",""
"2026-02-06","Perf. Telha Trapezoidal Marafon","02000","38","0","0","TELHA GALVALUME TP 40 0,43MM","Estoque","",""
"2026-02-06","Perf. Telha Trapezoidal Marafon","02000","10","0","0","TELHA GALVALUME TP 40 0,43MM","Estoque","",""
"2026-02-06","Perf. Telha Trapezoidal Marafon","02000","3","0","0","TELHA GALVALUME TP 40 0,43MM","Estoque","",""
"2026-02-06","Perf. Telha Trapezoidal Marafon","02000","3","0","0","TELHA GALVALUME TP 40 0,43MM","Estoque","",""
"2026-02-06","Perf. Telha Trapezoidal Marafon","02007","69","0","0","TELHA GALVALUME TP 40 0,43MM 7,00M","Estoque","",""
"2026-02-06","Perf. Telha Trapezoidal Marafon","02007","31","0","0","TELHA GALVALUME TP 40 0,43MM 7,00M","Estoque","",""
"2026-02-06","Perf. Telha Trapezoidal Marafon","02005","100","0","0","TELHA GALVALUME TP 40 0,43MM 5,00M","Estoque","",""
"2026-02-09","Perf. Telha Trapezoidal Marafon","02000","9","0","0","TELHA GALVALUME TP 40 0,43MM","Estoque","",""
"2026-02-09","Perf. Telha Trapezoidal Marafon","02000","3","0","0","TELHA GALVALUME TP 40 0,43MM","Estoque","",""
"2026-02-09","Perf. Telha Trapezoidal Marafon","02000","10","0","0","TELHA GALVALUME TP 40 0,43MM","Estoque","",""
"2026-02-09","Perf. Telha Trapezoidal Marafon","02000","3","0","0","TELHA GALVALUME TP 40 0,43MM","Estoque","",""
"2026-02-09","Perf. Telha Trapezoidal Marafon","02005","268","0","0","TELHA GALVALUME TP 40 0,43MM 5,00M","Estoque","",""
"2026-02-09","Perf. Telha Trapezoidal Marafon","02005","32","0","0","TELHA GALVALUME TP 40 0,43MM 5,00M","Estoque","",""
"2026-02-09","Perf. Telha Trapezoidal Marafon","02004","300","0","0","TELHA GALVALUME TP 40 0,43MM 4,00M","Estoque","",""
"2026-02-09","Perf. Telha Trapezoidal Marafon","02007","100","0","0","TELHA GALVALUME TP 40 0,43MM 7,00M","Estoque","",""
"2026-02-09","Perf. Telha Trapezoidal Marafon","02000","9","0","0","TELHA GALVALUME TP 40 0,43MM","Estoque","",""
"2026-02-09","Perf. Telha Trapezoidal Marafon","02017","96","0","0","TELHA GALVALUME OND 17 0,43MM 7,00M","Estoque","",""
"2026-02-09","Perf. Telha Trapezoidal Marafon","02018","100","0","0","TELHA GALVALUME OND 17 0,43MM 8,00M","Estoque","",""
"2026-02-09","Perf. Telha Trapezoidal Marafon","02016","25","0","0","TELHA GALVALUME OND 17 0,43MM 6,00M","Estoque","",""
"2026-02-09","Perf. Telha Trapezoidal Marafon","02000","10","0","0","TELHA GALVALUME TP 40 0,43MM","Estoque","",""
"2026-02-09","Perf. Telha Trapezoidal Marafon","02000","34","0","0","TELHA GALVALUME TP 40 0,43MM","Estoque","",""
"2026-02-10","Perf. Telha Trapezoidal Marafon","02006","7","0","0","TELHA GALVALUME TP 40 0,43MM 6,00M","Estoque","",""
"2026-02-10","Perf. Telha Trapezoidal Marafon","02004","1","0","0","TELHA GALVALUME TP 40 0,43MM 4,00M","Estoque","",""
"2026-02-10","Perf. Telha Trapezoidal Marafon","02006","93","0","0","TELHA GALVALUME TP 40 0,43MM 6,00M","Estoque","",""
"2026-02-10","Perf. Telha Trapezoidal Marafon","02000","95","0","0","TELHA GALVALUME TP 40 0,43MM","Estoque","",""
"2026-02-10","Perf. Telha Trapezoidal Marafon","02000","11","0","0","TELHA GALVALUME TP 40 0,43MM","Estoque","",""
"2026-02-10","Perf. Telha Trapezoidal Marafon","02003","11","0","0","TELHA GALVALUME TP 40 0,43MM 3,00M","Estoque","",""
"2026-02-10","Perf. Telha Trapezoidal Marafon","02000","62","0","0","TELHA GALVALUME TP 40 0,43MM","Estoque","",""
"2026-02-10","Perf. Telha Trapezoidal Marafon","02006","100","0","0","TELHA GALVALUME TP 40 0,43MM 6,00M","Estoque","",""
"2026-02-10","Perf. Telha Trapezoidal Marafon","02016","56","0","0","TELHA GALVALUME OND 17 0,43MM 6,00M","Estoque","",""
"2026-02-10","Perf. Telha Trapezoidal Marafon","02016","144","0","0","TELHA GALVALUME OND 17 0,43MM 6,00M","Estoque","",""
"2026-02-10","Perf. Telha Trapezoidal Marafon","02014","1","0","0","TELHA GALVALUME OND 17 0,43MM 4,00M","Estoque","",""
"2026-02-11","Perf. Telha Ondulada V8","02018","100","0","0","TELHA GALVALUME OND 17 0,43MM 8,00M","Estoque","",""
"2026-02-11","Perf. Telha Trapezoidal Marafon","02000","47","0","0","TELHA GALVALUME TP 40 0,43MM","Estoque","",""
"2026-02-11","Perf. Telha Trapezoidal Marafon","02003","10","0","0","TELHA GALVALUME TP 40 0,43MM 3,00M","Estoque","",""
"2026-02-11","Perf. Telha Trapezoidal Marafon","02000","44","0","0","TELHA GALVALUME TP 40 0,43MM","Estoque","",""
"2026-02-11","Perf. Telha Trapezoidal Marafon","02000","19","0","0","TELHA GALVALUME TP 40 0,43MM","Estoque","",""
"2026-02-11","Perf. Telha Trapezoidal Marafon","02000","19","0","0","TELHA GALVALUME TP 40 0,43MM","Estoque","",""
"2026-02-11","Perf. Telha Trapezoidal Marafon","02006","200","0","0","TELHA GALVALUME TP 40 0,43MM 6,00M","Estoque","",""
"2026-02-11","Perf. Telha Trapezoidal Marafon","02003","200","0","0","TELHA GALVALUME TP 40 0,43MM 3,00M","Estoque","",""
"2026-02-11","Perf. Telha Trapezoidal Marafon","02004","100","0","0","TELHA GALVALUME TP 40 0,43MM 4,00M","Estoque","",""
"2026-02-11","Perf. Telha Trapezoidal Marafon","02007","100","0","0","TELHA GALVALUME TP 40 0,43MM 7,00M","Estoque","",""
"2026-02-12","Perf. Telha Trapezoidal Marafon","02007","100","0","0","TELHA GALVALUME TP 40 0,43MM 7,00M","Estoque","",""
"2026-02-12","Perf. Telha Trapezoidal Marafon","02000","11","0","0","TELHA GALVALUME TP 40 0,43MM","Estoque","",""
"2026-02-12","Perf. Telha Trapezoidal Marafon","02006","15","0","0","TELHA GALVALUME TP 40 0,43MM 6,00M","Estoque","",""
"2026-02-12","Perf. Telha Trapezoidal Marafon","02005","11","0","0","TELHA GALVALUME TP 40 0,43MM 5,00M","Estoque","",""
"2026-02-12","Perf. Telha Trapezoidal Marafon","02000","11","0","0","TELHA GALVALUME TP 40 0,43MM","Estoque","",""
"2026-02-12","Perf. Telha Trapezoidal Marafon","02000","8","0","0","TELHA GALVALUME TP 40 0,43MM","Estoque","",""
"2026-02-12","Perf. Telha Trapezoidal Marafon","02000","6","0","0","TELHA GALVALUME TP 40 0,43MM","Estoque","",""
"2026-02-12","Perf. Telha Trapezoidal Marafon","02006","34","0","0","TELHA GALVALUME TP 40 0,43MM 6,00M","Estoque","",""
"2026-02-12","Perf. Telha Trapezoidal Marafon","02000","3","0","0","TELHA GALVALUME TP 40 0,43MM","Estoque","",""
"2026-02-12","Perf. Telha Trapezoidal Marafon","02000","6","0","0","TELHA GALVALUME TP 40 0,43MM","Estoque","",""
"2026-02-12","Perf. Telha Trapezoidal Marafon","02000","16","0","0","TELHA GALVALUME TP 40 0,43MM","Estoque","",""
"2026-02-12","Perf. Telha Trapezoidal Marafon","02000","15","0","0","TELHA GALVALUME TP 40 0,43MM","Estoque","",""
"2026-02-12","Perf. Telha Trapezoidal Marafon","02000","124","0","0","TELHA GALVALUME TP 40 0,43MM","Estoque","",""
"2026-02-12","Perf. Telha Trapezoidal Marafon","02020","31","0","0","TELHA CUMEEIRA GL TRAP 40 ABAS 300MM","Estoque","",""
"2026-02-12","Perf. Telha Trapezoidal Marafon","02000","62","0","0","TELHA GALVALUME TP 40 0,43MM","Estoque","",""
"2026-02-12","Perf. Telha Trapezoidal Marafon","02006","10","0","0","TELHA GALVALUME TP 40 0,43MM 6,00M","Estoque","",""
"2026-02-12","Perf. Telha Trapezoidal Marafon","02000","25","0","0","TELHA GALVALUME TP 40 0,43MM","Estoque","",""
"2026-02-12","Perf. Telha Trapezoidal Marafon","02004","48","0","0","TELHA GALVALUME TP 40 0,43MM 4,00M","Estoque","",""
"2026-02-12","Perf. Telha Trapezoidal Marafon","02004","52","0","0","TELHA GALVALUME TP 40 0,43MM 4,00M","Estoque","",""
"2026-02-13","Perf. Telha Trapezoidal Marafon","02004","100","0","0","TELHA GALVALUME TP 40 0,43MM 4,00M","Estoque","",""
"2026-02-13","Perf. Telha Trapezoidal Marafon","02006","202","0","0","TELHA GALVALUME TP 40 0,43MM 6,00M","Estoque","",""
"2026-02-13","Perf. Telha Trapezoidal Marafon","02000","27","0","0","TELHA GALVALUME TP 40 0,43MM","Estoque","",""
"2026-02-13","Perf. Telha Trapezoidal Marafon","02004","4","0","0","TELHA GALVALUME TP 40 0,43MM 4,00M","Estoque","",""
"2026-02-13","Perf. Telha Trapezoidal Marafon","02003","5","0","0","TELHA GALVALUME TP 40 0,43MM 3,00M","Estoque","",""
"2026-02-13","Perf. Telha Trapezoidal Marafon","02000","36","0","0","TELHA GALVALUME TP 40 0,43MM","Estoque","",""
"2026-02-13","Perf. Telha Trapezoidal Marafon","02007","17","0","0","TELHA GALVALUME TP 40 0,43MM 7,00M","Estoque","",""
"2026-02-13","Perf. Telha Trapezoidal Marafon","02000","10","0","0","TELHA GALVALUME TP 40 0,43MM","Estoque","",""
"2026-02-13","Perf. Telha Trapezoidal Marafon","02004","17","0","0","TELHA GALVALUME TP 40 0,43MM 4,00M","Estoque","",""
"2026-02-13","Perf. Telha Trapezoidal Marafon","02000","94","0","0","TELHA GALVALUME TP 40 0,43MM","Estoque","",""
"2026-02-13","Perf. Telha Trapezoidal Marafon","02007","200","0","0","TELHA GALVALUME TP 40 0,43MM 7,00M","Estoque","",""
"2026-02-18","Perf. Telha Trapezoidal Marafon","02006","25","0","0","TELHA GALVALUME TP 40 0,43MM 6,00M","Estoque","",""
"2026-02-18","Perf. Telha Trapezoidal Marafon","02005","1","0","0","TELHA GALVALUME TP 40 0,43MM 5,00M","Estoque","",""
"2026-02-18","Perf. Telha Trapezoidal Marafon","02003","1","0","0","TELHA GALVALUME TP 40 0,43MM 3,00M","Estoque","",""
"2026-02-18","Perf. Telha Trapezoidal Marafon","02006","175","0","0","TELHA GALVALUME TP 40 0,43MM 6,00M","Estoque","",""
"2026-02-18","Perf. Telha Trapezoidal Marafon","02000","7","0","0","TELHA GALVALUME TP 40 0,43MM","Estoque","",""
"2026-02-18","Perf. Telha Trapezoidal Marafon","02007","40","0","0","TELHA GALVALUME TP 40 0,43MM 7,00M","Estoque","",""
"2026-02-18","Perf. Telha Trapezoidal Marafon","02000","70","0","0","TELHA GALVALUME TP 40 0,43MM","Estoque","",""
"2026-02-18","Perf. Telha Trapezoidal Marafon","02006","19","0","0","TELHA GALVALUME TP 40 0,43MM 6,00M","Estoque","",""
"2026-02-18","Perf. Telha Trapezoidal Marafon","02000","13","0","0","TELHA GALVALUME TP 40 0,43MM","Estoque","",""
"2026-02-18","Perf. Telha Trapezoidal Marafon","02006","15","0","0","TELHA GALVALUME TP 40 0,43MM 6,00M","Estoque","",""
"2026-02-18","Perf. Telha Trapezoidal Marafon","02000","14","0","0","TELHA GALVALUME TP 40 0,43MM","Estoque","",""
"2026-02-18","Perf. Telha Trapezoidal Marafon","02004","18","0","0","TELHA GALVALUME TP 40 0,43MM 4,00M","Estoque","",""
"2026-02-18","Perf. Telha Trapezoidal Marafon","02003","20","0","0","TELHA GALVALUME TP 40 0,43MM 3,00M","Estoque","",""
"2026-02-18","Perf. Telha Trapezoidal Marafon","02000","38","0","0","TELHA GALVALUME TP 40 0,43MM","Estoque","",""
"2026-02-18","Perf. Telha Trapezoidal Marafon","02000","38","0","0","TELHA GALVALUME TP 40 0,43MM","Estoque","",""
"2026-02-18","Perf. Telha Trapezoidal Marafon","02014","100","0","0","TELHA GALVALUME OND 17 0,43MM 4,00M","Estoque","",""
"2026-02-18","Perf. Telha Trapezoidal Marafon","02016","10","0","0","TELHA GALVALUME OND 17 0,43MM 6,00M","Estoque","",""
"2026-02-18","Perf. Telha Trapezoidal Marafon","02017","7","0","0","TELHA GALVALUME OND 17 0,43MM 7,00M","Estoque","",""
"2026-02-18","Perf. Telha Trapezoidal Marafon","02000","10","0","0","TELHA GALVALUME TP 40 0,43MM","Estoque","",""
"2026-02-19","Perf. Telha Trapezoidal Marafon","02020","250","0","0","TELHA CUMEEIRA GL TRAP 40 ABAS 300MM","Estoque","",""
"2026-02-19","Perf. Telha Trapezoidal Marafon","02000","13","0","0","TELHA GALVALUME TP 40 0,43MM","Estoque","",""
"2026-02-19","Perf. Telha Trapezoidal Marafon","02020","13","0","0","TELHA CUMEEIRA GL TRAP 40 ABAS 300MM","Estoque","",""
"2026-02-19","Perf. Telha Trapezoidal Marafon","02000","173","0","0","TELHA GALVALUME TP 40 0,43MM","Estoque","",""
"2026-02-24","Perf. Telha Trapezoidal Marafon","02008","30","0","0","TELHA GALVALUME TP 40 0,43MM 8,00M","Estoque","",""
"2026-02-24","Perf. Telha Trapezoidal Marafon","02006","35","0","0","TELHA GALVALUME TP 40 0,43MM 6,00M","Estoque","",""
"2026-02-24","Perf. Telha Trapezoidal Marafon","02000","35","0","0","TELHA GALVALUME TP 40 0,43MM","Estoque","",""
"2026-02-24","Perf. Telha Trapezoidal Marafon","02000","94","0","0","TELHA GALVALUME TP 40 0,43MM","Estoque","",""
"2026-02-24","Perf. Telha Trapezoidal Marafon","02005","94","0","0","TELHA GALVALUME TP 40 0,43MM 5,00M","Estoque","",""
"2026-02-24","Perf. Telha Trapezoidal Marafon","02004","47","0","0","TELHA GALVALUME TP 40 0,43MM 4,00M","Estoque","",""
"2026-02-24","Perf. Telha Trapezoidal Marafon","02020","47","0","0","TELHA CUMEEIRA GL TRAP 40 ABAS 300MM","Estoque","",""
"2026-02-24","Perf. Telha Trapezoidal Marafon","02006","16","0","0","TELHA GALVALUME TP 40 0,43MM 6,00M","Estoque","",""
"2026-02-24","Perf. Telha Trapezoidal Marafon","02000","32","0","0","TELHA GALVALUME TP 40 0,43MM","Estoque","",""
"2026-02-24","Perf. Telha Trapezoidal Marafon","02000","46","0","0","TELHA GALVALUME TP 40 0,43MM","Estoque","",""
"2026-02-24","Perf. Telha Trapezoidal Marafon","02000","12","0","0","TELHA GALVALUME TP 40 0,43MM","Estoque","",""
"2026-02-25","Perf. Telha Trapezoidal Marafon","02007","1","0","0","TELHA GALVALUME TP 40 0,43MM 7,00M","Estoque","",""
"2026-02-25","Perf. Telha Trapezoidal Marafon","02005","1","0","0","TELHA GALVALUME TP 40 0,43MM 5,00M","Estoque","",""
"2026-02-25","Perf. Telha Trapezoidal Marafon","02000","6","0","0","TELHA GALVALUME TP 40 0,43MM","Estoque","",""
"2026-02-25","Perf. Telha Trapezoidal Marafon","02004","7","0","0","TELHA GALVALUME TP 40 0,43MM 4,00M","Estoque","",""
"2026-02-25","Perf. Telha Trapezoidal Marafon","02006","100","0","0","TELHA GALVALUME TP 40 0,43MM 6,00M","Estoque","",""
"2026-02-25","Perf. Telha Trapezoidal Marafon","02005","100","0","0","TELHA GALVALUME TP 40 0,43MM 5,00M","Estoque","",""
"2026-02-25","Perf. Telha Trapezoidal Marafon","02004","100","0","0","TELHA GALVALUME TP 40 0,43MM 4,00M","Estoque","",""
"2026-02-25","Perf. Telha Trapezoidal Marafon","02000","6","0","0","TELHA GALVALUME TP 40 0,43MM","Estoque","",""
"2026-02-25","Perf. Telha Trapezoidal Marafon","02000","218","0","0","TELHA GALVALUME TP 40 0,43MM","Estoque","",""
"2026-02-25","Perf. Telha Trapezoidal Marafon","02006","13","0","0","TELHA GALVALUME TP 40 0,43MM 6,00M","Estoque","",""
"2026-02-25","Perf. Telha Ondulada V8","02016","100","0","0","TELHA GALVALUME OND 17 0,43MM 6,00M","Estoque","",""
"2026-02-25","Perf. Telha Ondulada V8","02016","10","0","0","TELHA GALVALUME OND 17 0,43MM 6,00M","Estoque","",""
"2026-02-25","Perf. Telha Ondulada V8","02014","4","0","0","TELHA GALVALUME OND 17 0,43MM 4,00M","Estoque","",""
"2026-02-26","Perf. Telha Trapezoidal Marafon","02006","400","0","0","TELHA GALVALUME TP 40 0,43MM 6,00M","Estoque","",""
"2026-02-26","Perf. Telha Trapezoidal Marafon","02000","30","0","0","TELHA GALVALUME TP 40 0,43MM","Estoque","",""
"2026-02-26","Perf. Telha Trapezoidal Marafon","02020","14","0","0","TELHA CUMEEIRA GL TRAP 40 ABAS 300MM","Estoque","",""
"2026-02-26","Perf. Telha Trapezoidal Marafon","02003","35","0","0","TELHA GALVALUME TP 40 0,43MM 3,00M","Estoque","",""
"2026-02-26","Perf. Telha Trapezoidal Marafon","02000","65","0","0","TELHA GALVALUME TP 40 0,43MM","Estoque","",""
"2026-02-26","Perf. Telha Trapezoidal Marafon","02004","44","0","0","TELHA GALVALUME TP 40 0,43MM 4,00M","Estoque","",""
"2026-02-26","Perf. Telha Trapezoidal Marafon","02005","100","0","0","TELHA GALVALUME TP 40 0,43MM 5,00M","Estoque","",""
"2026-02-26","Perf. Telha Trapezoidal Marafon","02000","3","0","0","TELHA GALVALUME TP 40 0,43MM","Estoque","",""
"2026-02-27","Perf. Telha Trapezoidal Marafon","02005","400","0","0","TELHA GALVALUME TP 40 0,43MM 5,00M","Estoque","",""
"2026-02-27","Perf. Telha Trapezoidal Marafon","02006","400","1","0","TELHA GALVALUME TP 40 0,43MM 6,00M","Estoque","",""
"2026-03-03","Perf. Telha Trapezoidal Marafon","02000","37","0","0","TELHA GALVALUME TP 40 0,43MM","Estoque","",""
"2026-03-03","Perf. Telha Trapezoidal Marafon","02003","22","0","0","TELHA GALVALUME TP 40 0,43MM 3,00M","Estoque","",""
"2026-03-03","Perf. Telha Trapezoidal Marafon","02020","10","0","0","TELHA CUMEEIRA GL TRAP 40 ABAS 300MM","Estoque","",""
"2026-03-03","Perf. Telha Trapezoidal Marafon","02000","87","0","0","TELHA GALVALUME TP 40 0,43MM","Estoque","",""
"2026-03-03","Perf. Telha Trapezoidal Marafon","02005","10","0","0","TELHA GALVALUME TP 40 0,43MM 5,00M","Estoque","",""
"2026-03-03","Perf. Telha Trapezoidal Marafon","02004","11","0","0","TELHA GALVALUME TP 40 0,43MM 4,00M","Estoque","",""
"2026-03-03","Perf. Telha Trapezoidal Marafon","02007","5","0","0","TELHA GALVALUME TP 40 0,43MM 7,00M","Estoque","",""
"2026-03-03","Perf. Telha Trapezoidal Marafon","02005","3","0","0","TELHA GALVALUME TP 40 0,43MM 5,00M","Estoque","",""
"2026-03-03","Perf. Telha Ondulada V8","02000","17","0","0","TELHA GALVALUME TP 40 0,43MM","Estoque","",""
"2026-03-03","Perf. Telha Trapezoidal Marafon","02000","60","0","0","TELHA GALVALUME TP 40 0,43MM","Estoque","",""
"2026-03-03","Perf. Telha Trapezoidal Marafon","02007","80","0","0","TELHA GALVALUME TP 40 0,43MM 7,00M","Estoque","",""
"2026-03-04","Perf. Telha Trapezoidal Marafon","02004","100","0","0","TELHA GALVALUME TP 40 0,43MM 4,00M","Estoque","",""
"2026-03-04","Perf. Telha Trapezoidal Marafon","02000","80","0","0","TELHA GALVALUME TP 40 0,43MM","Estoque","",""
"2026-03-04","Perf. Telha Trapezoidal Marafon","02005","160","0","0","TELHA GALVALUME TP 40 0,43MM 5,00M","Estoque","",""
"2026-03-04","Perf. Telha Trapezoidal Marafon","02006","300","0","0","TELHA GALVALUME TP 40 0,43MM 6,00M","Estoque","",""
"2026-03-04","Perf. Telha Trapezoidal Marafon","02000","11","0","0","TELHA GALVALUME TP 40 0,43MM","Estoque","",""
"2026-01-29","Rodadeira 02","81627","600","0","0","CACAMBA M 40 POP GALV","Estoque","",""
"2026-01-29","Rodadeira 02","81667","417","0","0","CACAMBA M 40 CONST GALV","Estoque","",""
"2026-01-29","Rodadeira 02","81667","20","0","0","CACAMBA M 40 CONST GALV","Estoque","",""
"2026-01-30","Rodadeira 02","81667","900","0","0","CACAMBA M 40 CONST GALV","Estoque","",""
"2026-02-04","Prensa Debrum 03","81627","886","0","0","CACAMBA M 40 POP GALV","Estoque","",""
"2026-02-04","Prensa Debrum 03","81823","320","0","0","CACAMBA M 50 5.0","Estoque","",""
"2026-02-05","Prensa Debrum 03","81823","1670","0","0","CACAMBA M 50 5.0","Estoque","",""
"2026-02-05","Prensa Debrum 03","81823","1200","0","0","CACAMBA M 50 5.0","Estoque","",""
"2026-02-04","Rodadeira 02","81627","834","0","0","CACAMBA M 40 POP GALV","Estoque","",""
"2026-02-04","Rodadeira 02","81823","320","0","0","CACAMBA M 50 5.0","Estoque","",""
"2026-02-04","Rodadeira 01","81626","850","0","0","CACAMBA M 40 POP","Estoque","",""
"2026-02-05","Rodadeira 01","81667","242","0","0","CACAMBA M 40 CONST GALV","Estoque","",""
"2026-02-05","Rodadeira 01","81053","989","2","0","CACAMBA M 40 CONSTRUTOR","Estoque","",""
"2026-02-05","Prensa Debrum 03","81053","829","0","0","CACAMBA M 40 CONSTRUTOR","Estoque","",""
"2026-02-05","Prensa Debrum 03","81667","155","0","0","CACAMBA M 40 CONST GALV","Estoque","",""
"2026-02-05","Prensa Debrum 03","81053","228","0","0","CACAMBA M 40 CONSTRUTOR","Estoque","",""
"2026-02-05","Prensa Debrum 03","81053","321","0","0","CACAMBA M 40 CONSTRUTOR","Estoque","",""
"2026-02-05","Prensa Debrum 03","81667","700","0","0","CACAMBA M 40 CONST GALV","Estoque","",""
"2026-02-03","Prensa Recorte 01","81627","1425","0","0","CACAMBA M 40 POP GALV","Estoque","",""
"2026-02-02","Prensa Recorte 01","81823","291","0","0","CACAMBA M 50 5.0","Estoque","",""
"2026-02-02","Prensa Recorte 01","81627","1080","0","0","CACAMBA M 40 POP GALV","Estoque","",""
"2026-02-03","Rodadeira 01","81627","310","0","0","CACAMBA M 40 POP GALV","Estoque","",""
"2026-02-02","Rodadeira 01","81627","110","0","0","CACAMBA M 40 POP GALV","Estoque","",""
"2026-02-02","Rodadeira 01","81626","167","2","0","CACAMBA M 40 POP","Estoque","",""
"2026-02-02","Prensa Debrum 03","81627","1375","0","0","CACAMBA M 40 POP GALV","Estoque","",""
"2026-02-02","Prensa Debrum 03","81627","757","0","0","CACAMBA M 40 POP GALV","Estoque","",""
"2026-02-02","Prensa Debrum 03","81626","543","0","0","CACAMBA M 40 POP","Estoque","",""
"2026-02-03","Rodadeira 03","81053","860","0","0","CACAMBA M 40 CONSTRUTOR","Estoque","",""
"2026-02-02","Rodadeira 03","81053","950","1","0","CACAMBA M 40 CONSTRUTOR","Estoque","",""
"2026-02-02","Prensa Estampa 04","81627","250","1","0","CACAMBA M 40 POP GALV","Estoque","",""
"2026-01-30","Prensa Estampa 04","81627","360","0","0","CACAMBA M 40 POP GALV","Estoque","",""
"2026-01-28","Prensa Estampa 09","81053","1167","13","0","CACAMBA M 40 CONSTRUTOR","Estoque","",""
"2026-01-29","Prensa Estampa 09","81053","1140","1","0","CACAMBA M 40 CONSTRUTOR","Estoque","",""
"2026-02-02","Rodadeira 01","81053","264","0","0","CACAMBA M 40 CONSTRUTOR","Estoque","",""
"2026-02-02","Prensa Recorte 01","81053","1272","1","0","CACAMBA M 40 CONSTRUTOR","Estoque","",""
"2026-02-03","Prensa Recorte 02","81053","1300","0","0","CACAMBA M 40 CONSTRUTOR","Estoque","",""
"2026-02-02","Prensa Recorte 02","81053","1360","2","0","CACAMBA M 40 CONSTRUTOR","Estoque","",""
"2026-02-02","Prensa Estampa 09","81053","828","17","0","CACAMBA M 40 CONSTRUTOR","Estoque","",""
"2026-02-03","Prensa Estampa 09","81053","940","10","0","CACAMBA M 40 CONSTRUTOR","Estoque","",""
"2026-02-04","Rodadeira 01","81627","52","0","0","CACAMBA M 40 POP GALV","Estoque","",""
"2026-02-09","Rodadeira 01","81667","519","1","0","CACAMBA M 40 CONST GALV","Estoque","",""
"2026-02-20","Prensa Estampa 04","81627","407","3","0","CACAMBA M 40 POP GALV","Estoque","",""
"2026-02-20","Prensa Estampa 04","81627","570","3","0","CACAMBA M 40 POP GALV","Estoque","",""
"2026-02-20","Rodadeira 01","81627","1196","0","0","CACAMBA M 40 POP GALV","Estoque","",""
"2026-02-20","Rodadeira 01","81667","2021","0","0","CACAMBA M 40 CONST GALV","Estoque","",""
"2026-03-04","Perf. Telha Ondulada V8","02016","66","0","0","TELHA GALVALUME OND 17 0,43MM 6,00M","Estoque","",""
"2026-03-04","Perf. Telha Trapezoidal Marafon","02000","55","0","0","TELHA GALVALUME TP 40 0,43MM","Estoque","",""
"2026-03-04","Perf. Telha Trapezoidal Marafon","02006","20","0","0","TELHA GALVALUME TP 40 0,43MM 6,00M","Estoque","",""
"2026-03-04","Perf. Telha Trapezoidal Marafon","02005","20","0","0","TELHA GALVALUME TP 40 0,43MM 5,00M","Estoque","",""
"2026-03-04","Perf. Telha Trapezoidal Marafon","02000","25","0","0","TELHA GALVALUME TP 40 0,43MM","Estoque","",""
"2026-03-03","Perfil ""U"" Marafon","00670k","446","0","0","PERFIL UE 75X40X15X1,95 GALV","Estoque","",""
"2026-03-03","Perfil ""U"" ZL","00664b","227","0","0","PERFIL US 150X50X2,00","Estoque","",""
"2026-03-02","Perfil ""U"" BR200 Regiane","00652b","335","0","0","PERFIL US 68X30X2,00","Estoque","",""
"2026-03-02","Perfil ""U"" Marafon","00670b","342","0","0","PERFIL UE 75X40X15X2,00","Estoque","",""
"2026-03-02","Perfil ""U"" ZL","00676e","187","0","0","PERFIL UE 150X60X20X3,00","Estoque","",""
"2026-03-02","Perfil ""U"" ZL","00676c","111","0","0","PERFIL UE 150X60X20X2,25","Estoque","",""
"2026-02-27","Perfil ""U"" BR200 Regiane","00652b","227","0","0","PERFIL US 68X30X2,00","Estoque","",""
"2026-02-27","Perfil ""U"" BR200 Regiane","00676c","108","0","0","PERFIL UE 150X60X20X2,25","Estoque","",""
"2026-02-26","Perfil ""U"" Marafon","00670b","791","0","0","PERFIL UE 75X40X15X2,00","Estoque","",""
"2026-02-26","Perfil ""U"" BR200 Regiane","00652b","340","0","0","PERFIL US 68X30X2,00","Estoque","",""
"2026-02-25","Perfil ""U"" ZL","00668a","217","0","0","PERFIL UE 50X25X10X1,80","Estoque","",""
"2026-02-25","Perfil ""U"" Marafon","00670b","328","0","0","PERFIL UE 75X40X15X2,00","Estoque","",""
"2026-02-25","Perfil ""U"" BR200 Regiane","00652b","336","0","0","PERFIL US 68X30X2,00","Estoque","",""
"2026-02-24","Perfil ""U"" Marafon","00670b","227","0","0","PERFIL UE 75X40X15X2,00","Estoque","",""
"2026-02-24","Perfil ""U"" ZL","00668a","288","0","0","PERFIL UE 50X25X10X1,80","Estoque","",""
"2026-02-24","Perfil ""U"" ZL","00668b","326","0","0","PERFIL UE 50X25X10X2,00","Estoque","",""
"2026-02-24","Perfil ""U"" ZL","00652b","114","0","0","PERFIL US 68X30X2,00","Estoque","",""
"2026-02-23","Perfil ""U"" ZL","00668b","557","0","0","PERFIL UE 50X25X10X2,00","Estoque","",""
"2026-02-23","Perfil ""U"" Marafon","00670b","229","0","0","PERFIL UE 75X40X15X2,00","Estoque","",""
"2026-02-20","Perfil ""U"" ZL","00668b","223","0","0","PERFIL UE 50X25X10X2,00","Estoque","",""
"2026-02-20","Perfil ""U"" ZL","00670b","682","0","0","PERFIL UE 75X40X15X2,00","Estoque","",""
"2026-02-19","Perfil ""U"" ZL","00670b","449","0","0","PERFIL UE 75X40X15X2,00","Estoque","",""
"2026-02-14","Perfil ""U"" ZL","00670d","92","0","0","PERFIL UE 75X40X15X2,65","Estoque","",""
"2026-02-14","Perfil ""U"" ZL","00670e","192","0","0","PERFIL UE 75X40X15X3,00","Estoque","",""
"2026-02-13","Perfil ""U"" Marafon","00670b","447","0","0","PERFIL UE 75X40X15X2,00","Estoque","",""
"2026-02-13","Perfil ""U"" ZL","00670d","366","0","0","PERFIL UE 75X40X15X2,65","Estoque","",""
"2026-02-13","Perfil ""U"" ZL","00670c","146","0","0","PERFIL UE 75X40X15X2,25","Estoque","",""
"2026-02-12","Perfil ""U"" ZL","00653e","203","0","0","PERFIL US 75X40X3,00","Estoque","",""
"2026-02-12","Perfil ""U"" Marafon","00670b","561","0","0","PERFIL UE 75X40X15X2,00","Estoque","",""
"2026-02-11","Perfil ""U"" ZL","00653b","182","0","0","PERFIL US 75X40X2,00","Estoque","",""
"2026-02-11","Perfil ""U"" ZL","00653c","86","0","0","PERFIL US 75X40X2,25","Estoque","",""
"2026-02-11","Perfil ""U"" ZL","00653d","266","0","0","PERFIL US 75X40X2,65","Estoque","",""
"2026-02-11","Perfil ""U"" Marafon","00670b","618","0","0","PERFIL UE 75X40X15X2,00","Estoque","",""
"2026-02-19","Prensa Debrum 03","81626","1010","0","0","CACAMBA M 40 POP","Estoque","",""
"2026-02-23","Prensa Debrum 03","81627","1176","0","0","CACAMBA M 40 POP GALV","Estoque","",""
"2026-02-09","Perfil ""U"" ZL","00653b","783","0","0","PERFIL US 75X40X2,00","Estoque","",""
"2026-02-09","Perfil ""U"" ZL","00653b","91","0","0","PERFIL US 75X40X2,00","Estoque","",""
"2026-02-23","Prensa Debrum 03","81667","2021","0","0","CACAMBA M 40 CONST GALV","Estoque","",""
"2026-02-23","Prensa Debrum 03","81627","2010","0","0","CACAMBA M 40 POP GALV","Estoque","",""
"2026-02-20","Prensa Debrum 03","81627","1774","0","0","CACAMBA M 40 POP GALV","Estoque","",""
"2026-02-23","Rodadeira 03","81627","930","0","0","CACAMBA M 40 POP GALV","Estoque","",""
"2026-02-20","Rodadeira 03","81627","950","0","0","CACAMBA M 40 POP GALV","Estoque","",""
"2026-02-20","Rodadeira 01","81627","670","0","0","CACAMBA M 40 POP GALV","Estoque","",""
"2026-02-20","Rodadeira 01","81626","810","0","0","CACAMBA M 40 POP","Estoque","",""
"2026-02-20","Prensa Recorte 01","81627","1700","0","0","CACAMBA M 40 POP GALV","Estoque","",""
"2026-02-10","Perfil ""U"" ZL","00653b","1005","0","0","PERFIL US 75X40X2,00","Estoque","",""
"2026-02-10","Perfil ""U"" Marafon","00670b","570","0","0","PERFIL UE 75X40X15X2,00","Estoque","",""
"2026-02-20","Prensa Recorte 01","81626","560","0","0","CACAMBA M 40 POP","Estoque","",""
"2026-02-20","Prensa Recorte 01","81627","711","0","0","CACAMBA M 40 POP GALV","Estoque","",""
"2026-02-25","Prensa Estampa 04","81627","520","3","0","CACAMBA M 40 POP GALV","Estoque","",""
"2026-02-25","Rodadeira 01","81667","624","0","0","CACAMBA M 40 CONST GALV","Estoque","",""
"2026-02-09","Perfil ""U"" Marafon","00670b","678","0","0","PERFIL UE 75X40X15X2,00","Estoque","",""
"2026-02-26","Prensa Estampa 04","81667","515","0","0","CACAMBA M 40 CONST GALV","Estoque","",""
"2026-02-24","Prensa Estampa 09","81053","1180","8","0","CACAMBA M 40 CONSTRUTOR","Estoque","",""
"2026-02-25","Prensa Estampa 09","81053","962","20","0","CACAMBA M 40 CONSTRUTOR","Estoque","",""
"2026-02-24","Prensa Debrum 03","81058","500","0","0","CACAMBA M 75 PLUS","Estoque","",""
"2026-02-24","Prensa Debrum 03","81055","632","0","0","CACAMBA M 60 SUPER","Estoque","",""
"2026-02-24","Prensa Debrum 03","81627","142","0","0","CACAMBA M 40 POP GALV","Estoque","",""
"2026-02-09","Perfil ""U"" Marafon","00654b","226","0","0","PERFIL US 92X30X2,00","Estoque","",""
"2026-02-25","Prensa Debrum 03","81058","1419","0","0","CACAMBA M 75 PLUS","Estoque","",""
"2026-02-06","Perfil ""U"" ZL","00653b","563","0","0","PERFIL US 75X40X2,00","Estoque","",""
"2026-02-25","Rodadeira 01","81058","520","0","0","CACAMBA M 75 PLUS","Estoque","",""
"2026-02-24","Rodadeira 01","81058","300","0","0","CACAMBA M 75 PLUS","Estoque","",""
"2026-02-24","Rodadeira 01","81055","330","4","0","CACAMBA M 60 SUPER","Estoque","",""
"2026-02-24","Rodadeira 03","81627","800","0","0","CACAMBA M 40 POP GALV","Estoque","",""
"2026-02-25","Rodadeira 03","81627","940","0","0","CACAMBA M 40 POP GALV","Estoque","",""
"2026-02-03","Perfil ""U"" ZL","00654a","120","0","0","PERFIL US 92X30X1,80","Estoque","",""
"2026-02-26","Prensa Estampa 09","81053","1065","10","0","CACAMBA M 40 CONSTRUTOR","Estoque","",""
"2026-02-26","Rodadeira 01","81667","320","0","0","CACAMBA M 40 CONST GALV","Estoque","",""
"2026-02-26","Rodadeira 01","81667","330","0","0","CACAMBA M 40 CONST GALV","Estoque","",""
"2026-02-26","Rodadeira 03","81667","910","0","0","CACAMBA M 40 CONST GALV","Estoque","",""
"2026-02-26","Rodadeira 01","81058","100","0","0","CACAMBA M 75 PLUS","Estoque","",""
"2026-02-26","Rodadeira 01","81055","410","0","0","CACAMBA M 60 SUPER","Estoque","",""
"2026-02-26","Prensa Debrum 03","81055","845","0","0","CACAMBA M 60 SUPER","Estoque","",""
"2026-02-26","Prensa Debrum 03","81058","285","0","0","CACAMBA M 75 PLUS","Estoque","",""
"2026-02-27","Prensa Debrum 03","81058","400","0","0","CACAMBA M 75 PLUS","Estoque","",""
"2026-02-27","Prensa Debrum 03","81055","546","0","0","CACAMBA M 60 SUPER","Estoque","",""
"2026-02-27","Rodadeira 01","81055","200","0","0","CACAMBA M 60 SUPER","Estoque","",""
"2026-02-27","Rodadeira 01","81058","200","0","0","CACAMBA M 75 PLUS","Estoque","",""
"2026-02-27","Rodadeira 03","81667","1000","0","0","CACAMBA M 40 CONST GALV","Estoque","",""
"2026-02-27","Perfil ""U"" ZL","00676k","408","0","0","PERFIL UE 150X60X20X1,95 GALV","Estoque","",""
"2026-02-27","Rodadeira 01","81667","1331","1","0","CACAMBA M 40 CONST GALV","Estoque","",""
"2026-02-27","Prensa Estampa 09","81053","999","16","0","CACAMBA M 40 CONSTRUTOR","Estoque","",""
"2026-02-25","Perfil ""U"" ZL","00668a","449","0","0","PERFIL UE 50X25X10X1,80","Estoque","",""
"2026-03-02","Prensa Estampa 04","81627","670","3","0","CACAMBA M 40 POP GALV","Estoque","",""
"2026-02-24","Perfil ""U"" BR200 Regiane","00652k","90","0","0","PERFIL US 68X30X1,95 GALV","Estoque","",""
"2026-02-23","Perfil ""U"" BR200 Regiane","00652k","196","0","0","PERFIL US 68X30X1,95 GALV","Estoque","",""
"2026-02-06","Perfil ""U"" Marafon","00670k","400","0","0","PERFIL UE 75X40X15X1,95 GALV","Estoque","",""
"2026-02-05","Perfil ""U"" Marafon","00670k","649","0","0","PERFIL UE 75X40X15X1,95 GALV","Estoque","",""
"2026-02-26","Rodadeira 02","81058","168","0","0","CACAMBA M 75 PLUS","Estoque","",""
"2026-02-26","Rodadeira 02","81055","536","3","0","CACAMBA M 60 SUPER","Estoque","",""
"2026-02-26","Rodadeira 02","81058","250","0","0","CACAMBA M 75 PLUS","Estoque","",""
"2026-02-26","Rodadeira 02","81055","519","0","0","CACAMBA M 60 SUPER","Estoque","",""
"2026-03-05","Perf. Telha Trapezoidal Marafon","02008","100","0","0","TELHA GALVALUME TP 40 0,43MM 8,00M","Estoque","",""
"2026-03-05","Perf. Telha Trapezoidal Marafon","02006","70","0","0","TELHA GALVALUME TP 40 0,43MM 6,00M","Estoque","",""
"2026-03-05","Perf. Telha Trapezoidal Marafon","02000","200","0","0","TELHA GALVALUME TP 40 0,43MM","Estoque","",""
"2026-03-05","Perf. Telha Trapezoidal Marafon","02004","15","0","0","TELHA GALVALUME TP 40 0,43MM 4,00M","Estoque","",""
"2026-02-24","Rodadeira 02","81055","451","0","0","CACAMBA M 60 SUPER","Estoque","",""
"2026-02-24","Rodadeira 02","81058","400","0","0","CACAMBA M 75 PLUS","Estoque","",""
"2026-02-25","Rodadeira 02","81058","653","0","0","CACAMBA M 75 PLUS","Estoque","",""
"2026-02-05","Perfil ""U"" ZL","00653b","450","0","0","PERFIL US 75X40X2,00","Estoque","",""
"2026-02-05","Perfil ""U"" ZL","00653A","451","0","0","PERFIL US 75X40X1,80","Estoque","",""
"2026-02-05","Perfil ""U"" ZL","00653K","100","0","0","PERFIL US 75X40X1,95 GALV","Estoque","",""
"2026-02-05","Perfil ""U"" BR200 Regiane","00654b","226","0","0","PERFIL US 92X30X2,00","Estoque","",""
"2026-02-04","Perfil ""U"" ZL","00653k","140","0","0","PERFIL US 75X40X1,95 GALV","Estoque","",""
"2026-02-04","Perfil ""U"" Marafon","00670k","792","0","0","PERFIL UE 75X40X15X1,95 GALV","Estoque","",""
"2026-02-04","Perfil ""U"" BR200 Regiane","00654k","138","0","0","PERFIL US 92X30X1,95 GALV","Estoque","",""
"2026-02-03","Perfil ""U"" Marafon","00670k","923","0","0","PERFIL UE 75X40X15X1,95 GALV","Estoque","",""
"2026-02-02","Perfil ""U"" Marafon","00670k","387","0","0","PERFIL UE 75X40X15X1,95 GALV","Estoque","",""
"2026-02-20","Prensa Estampa 09","81667","873","40","0","CACAMBA M 40 CONST GALV","Estoque","",""
"2026-02-23","Prensa Estampa 09","81667","1060","20","0","CACAMBA M 40 CONST GALV","Estoque","",""
"2026-02-24","Prensa Estampa 04","81627","520","2","0","CACAMBA M 40 POP GALV","Estoque","",""
"2026-02-23","Prensa Estampa 04","81627","520","0","0","CACAMBA M 40 POP GALV","Estoque","",""
"2026-03-03","Rodadeira 01","81627","1100","0","0","CACAMBA M 40 POP GALV","Estoque","",""
"2026-03-02","Rodadeira 01","81627","280","0","0","CACAMBA M 40 POP GALV","Estoque","",""
"2026-03-02","Prensa Debrum 03","81627","1500","0","0","CACAMBA M 40 POP GALV","Estoque","",""
"2026-03-03","Prensa Debrum 03","81627","1601","0","0","CACAMBA M 40 POP GALV","Estoque","",""
"2026-03-03","Prensa Estampa 09","81667","724","0","0","CACAMBA M 40 CONST GALV","Estoque","",""
"2026-03-03","Prensa Estampa 09","81053","450","20","0","CACAMBA M 40 CONSTRUTOR","Estoque","",""
"2026-03-02","Prensa Estampa 09","81053","1147","5","0","CACAMBA M 40 CONSTRUTOR","Estoque","",""
"2026-03-02","Prensa Recorte 01","81627","1600","0","0","CACAMBA M 40 POP GALV","Estoque","",""
"2026-03-02","Prensa Recorte 01","81055","332","0","0","CACAMBA M 60 SUPER","Estoque","",""
"2026-03-02","Prensa Recorte 01","81058","768","0","0","CACAMBA M 75 PLUS","Estoque","",""
"2026-02-27","Prensa Estampa 04","81627","578","10","0","CACAMBA M 40 POP GALV","Estoque","",""
"2026-03-05","Perf. Telha Trapezoidal Marafon","02003","100","0","0","TELHA GALVALUME TP 40 0,43MM 3,00M","Estoque","",""
"2026-03-05","Perf. Telha Trapezoidal Marafon","02004","16","0","0","TELHA GALVALUME TP 40 0,43MM 4,00M","Estoque","",""
"2026-03-05","Perf. Telha Trapezoidal Marafon","02005","100","0","0","TELHA GALVALUME TP 40 0,43MM 5,00M","Estoque","",""
"2026-03-05","Perf. Telha Trapezoidal Marafon","02000","10","0","0","TELHA GALVALUME TP 40 0,43MM","Estoque","",""
"2026-03-05","Perf. Telha Trapezoidal Marafon","02000","51","0","0","TELHA GALVALUME TP 40 0,43MM","Estoque","",""
"2026-02-13","Prensa Debrum 03","81627","389","0","0","CACAMBA M 40 POP GALV","Estoque","",""
"2026-02-13","Prensa Debrum 03","81054","490","0","0","CACAMBA M 75 MASTER","Estoque","",""
"2026-02-12","Prensa Debrum 03","81626","975","0","0","CACAMBA M 40 POP","Estoque","",""
"2026-02-12","Prensa Debrum 03","81627","646","0","0","CACAMBA M 40 POP GALV","Estoque","",""
"2026-02-11","Prensa Estampa 04","81627","315","5","0","CACAMBA M 40 POP GALV","Estoque","",""
"2026-02-12","Prensa Estampa 04","81627","430","0","0","CACAMBA M 40 POP GALV","Estoque","",""
"2026-02-13","Rodadeira 01","81627","330","0","0","CACAMBA M 40 POP GALV","Estoque","",""
"2026-02-13","Rodadeira 01","81054","119","0","0","CACAMBA M 75 MASTER","Estoque","",""
"2026-02-12","Rodadeira 01","81626","180","0","0","CACAMBA M 40 POP","Estoque","",""
"2026-02-12","Rodadeira 01","81626","1000","0","0","CACAMBA M 40 POP","Estoque","",""
"2026-02-13","Rodadeira 02","81627","197","3","0","CACAMBA M 40 POP GALV","Estoque","",""
"2026-02-13","Rodadeira 02","81054","525","0","0","CACAMBA M 75 MASTER","Estoque","",""
"2026-02-14","Prensa Debrum 03","81054","536","0","0","CACAMBA M 75 MASTER","Estoque","",""
"2026-02-13","Prensa Recorte 01","81667","562","1","0","CACAMBA M 40 CONST GALV","Estoque","",""
"2026-02-13","Prensa Recorte 01","81667","1509","0","0","CACAMBA M 40 CONST GALV","Estoque","",""
"2026-02-12","Rodadeira 01","81667","500","3","0","CACAMBA M 40 CONST GALV","Estoque","",""
"2026-02-12","Rodadeira 03","81667","995","3","0","CACAMBA M 40 CONST GALV","Estoque","",""
"2026-02-13","Rodadeira 03","81667","943","0","0","CACAMBA M 40 CONST GALV","Estoque","",""
"2026-02-10","Rodadeira 03","81667","767","0","0","CACAMBA M 40 CONST GALV","Estoque","",""
"2026-02-11","Rodadeira 03","81667","1000","0","0","CACAMBA M 40 CONST GALV","Estoque","",""
"2026-02-11","Rodadeira 02","81627","610","0","0","CACAMBA M 40 POP GALV","Estoque","",""
"2026-02-11","Rodadeira 02","81626","805","0","0","CACAMBA M 40 POP","Estoque","",""
"2026-02-10","Rodadeira 02","81627","825","0","0","CACAMBA M 40 POP GALV","Estoque","",""
"2026-02-10","Rodadeira 02","81627","400","0","0","CACAMBA M 40 POP GALV","Estoque","",""
"2026-02-10","Prensa Recorte 01","81667","1535","0","0","CACAMBA M 40 CONST GALV","Estoque","",""
"2026-02-11","Prensa Recorte 01","81667","1000","0","0","CACAMBA M 40 CONST GALV","Estoque","",""
"2026-02-11","Prensa Debrum 03","81627","708","0","0","CACAMBA M 40 POP GALV","Estoque","",""
"2026-02-11","Prensa Debrum 03","81626","570","0","0","CACAMBA M 40 POP","Estoque","",""
"2026-02-10","Prensa Debrum 03","81627","1450","0","0","CACAMBA M 40 POP GALV","Estoque","",""
"2026-02-10","Rodadeira 01","81627","670","0","0","CACAMBA M 40 POP GALV","Estoque","",""
"2026-02-11","Rodadeira 01","81626","290","0","0","CACAMBA M 40 POP","Estoque","",""
"2026-02-11","Prensa Recorte 01","81627","710","0","0","CACAMBA M 40 POP GALV","Estoque","",""
"2026-02-11","Prensa Recorte 01","81627","1210","0","0","CACAMBA M 40 POP GALV","Estoque","",""
"2026-02-10","Prensa Recorte 01","81627","1216","0","0","CACAMBA M 40 POP GALV","Estoque","",""
"2026-02-10","Prensa Estampa 04","81627","344","6","0","CACAMBA M 40 POP GALV","Estoque","",""
"2026-02-09","Prensa Estampa 04","81627","300","7","0","CACAMBA M 40 POP GALV","Estoque","",""
"2026-02-09","Prensa Estampa 04","81053","660","6","0","CACAMBA M 40 CONSTRUTOR","Estoque","",""
"2026-02-10","Prensa Estampa 09","81053","902","22","0","CACAMBA M 40 CONSTRUTOR","Estoque","",""
"2026-02-11","Prensa Estampa 09","81053","838","20","0","CACAMBA M 40 CONSTRUTOR","Estoque","",""
"2026-02-11","Prensa Estampa 09","81053","128","8","0","CACAMBA M 40 CONSTRUTOR","Estoque","",""
"2026-02-06","Prensa Recorte 02","81627","1400","0","0","CACAMBA M 40 POP GALV","Estoque","",""
"2026-02-08","Rodadeira 03","81667","300","0","0","CACAMBA M 40 CONST GALV","Estoque","",""
"2026-02-06","Rodadeira 03","81667","607","0","0","CACAMBA M 40 CONST GALV","Estoque","",""
"2026-02-09","Prensa Debrum 03","81823","614","0","0","CACAMBA M 50 5.0","Estoque","",""
"2026-02-09","Prensa Debrum 03","81627","800","0","0","CACAMBA M 40 POP GALV","Estoque","",""
"2026-02-06","Prensa Debrum 03","81823","1520","0","0","CACAMBA M 50 5.0","Estoque","",""
"2026-02-09","Rodadeira 02","81823","300","0","0","CACAMBA M 50 5.0","Estoque","",""
"2026-02-09","Rodadeira 02","81627","1050","0","0","CACAMBA M 40 POP GALV","Estoque","",""
"2026-02-07","Rodadeira 02","81823","894","0","0","CACAMBA M 50 5.0","Estoque","",""
"2026-02-09","Rodadeira 01","81823","335","0","0","CACAMBA M 50 5.0","Estoque","",""
"2026-02-06","Rodadeira 01","81823","687","0","0","CACAMBA M 50 5.0","Estoque","",""
"2026-02-09","Prensa Recorte 01","81823","450","0","0","CACAMBA M 50 5.0","Estoque","",""
"2026-02-09","Prensa Recorte 01","81627","1250","0","0","CACAMBA M 40 POP GALV","Estoque","",""
"2026-02-06","Prensa Recorte 01","81823","1665","0","0","CACAMBA M 50 5.0","Estoque","",""
"2026-02-06","Prensa Estampa 09","81667","1000","0","0","CACAMBA M 40 CONST GALV","Estoque","",""
"2026-02-05","Prensa Estampa 09","81667","1000","9","0","CACAMBA M 40 CONST GALV","Estoque","",""
"2026-02-05","Prensa Estampa 04","81627","275","0","0","CACAMBA M 40 POP GALV","Estoque","",""
"2026-02-04","Prensa Estampa 09","81667","920","30","0","CACAMBA M 40 CONST GALV","Estoque","",""
"2026-02-04","Prensa Estampa 04","81667","239","2","0","CACAMBA M 40 CONST GALV","Estoque","",""
"2026-02-03","Prensa Estampa 04","81627","325","1","0","CACAMBA M 40 POP GALV","Estoque","",""
"2026-02-05","Prensa Recorte 02","81626","1473","0","0","CACAMBA M 40 POP","Estoque","",""
"2026-02-05","Prensa Recorte 01","81823","1550","0","0","CACAMBA M 50 5.0","Estoque","",""
"2026-02-05","Prensa Recorte 01","81627","887","0","0","CACAMBA M 40 POP GALV","Estoque","",""
"2026-02-05","Prensa Recorte 01","81823","683","0","0","CACAMBA M 50 5.0","Estoque","",""
"2026-01-16","Prensa Estampa 04","81627","539","2","0","CACAMBA M 40 POP GALV","Estoque","",""
"2026-01-16","Prensa Estampa 09","81667","570","20","0","CACAMBA M 40 CONST GALV","Estoque","",""
"2026-01-16","Prensa Estampa 09","81627","649","0","0","CACAMBA M 40 POP GALV","Estoque","",""
"2026-01-16","Prensa Estampa 09","81626","853","0","0","CACAMBA M 40 POP","Estoque","",""
"2026-01-16","Rodadeira 01","81667","813","0","0","CACAMBA M 40 CONST GALV","Estoque","",""
"2026-01-16","Prensa Debrum 03","81823","1039","0","0","CACAMBA M 50 5.0","Estoque","",""
"2026-01-16","Prensa Debrum 03","81627","200","0","0","CACAMBA M 40 POP GALV","Estoque","",""
"2026-01-16","Rodadeira 03","81053","763","0","0","CACAMBA M 40 CONSTRUTOR","Estoque","",""
"2026-01-16","Prensa Recorte 02","81053","696","0","0","CACAMBA M 40 CONSTRUTOR","Estoque","",""
"2026-01-16","Prensa Recorte 01","81823","674","0","0","CACAMBA M 50 5.0","Estoque","",""
"2026-01-16","Prensa Recorte 01","81055","398","0","0","CACAMBA M 60 SUPER","Estoque","",""
"2026-01-16","Prensa Recorte 01","81823","290","0","0","CACAMBA M 50 5.0","Estoque","",""
"2026-03-02","Rodadeira 02","81627","1150","0","0","CACAMBA M 40 POP GALV","Estoque","",""
"2026-03-03","Rodadeira 02","81627","675","0","0","CACAMBA M 40 POP GALV","Estoque","",""
"2026-03-04","Rodadeira 02","81627","1145","0","0","CACAMBA M 40 POP GALV","Estoque","",""
"2026-03-05","Rodadeira 02","81627","1200","0","0","CACAMBA M 40 POP GALV","Estoque","",""
"2026-03-03","Rodadeira 02","81627","720","0","0","CACAMBA M 40 POP GALV","Estoque","",""
"2026-03-04","Prensa Estampa 04","81627","750","0","0","CACAMBA M 40 POP GALV","Estoque","",""
"2026-03-02","Rodadeira 03","81667","730","0","0","CACAMBA M 40 CONST GALV","Estoque","",""
"2026-03-06","Perf. Telha Trapezoidal Marafon","02004","100","0","0","TELHA GALVALUME TP 40 0,43MM 4,00M","Estoque","",""
"2026-03-06","Perf. Telha Trapezoidal Marafon","02006","100","0","0","TELHA GALVALUME TP 40 0,43MM 6,00M","Estoque","",""
"2026-03-06","Perf. Telha Trapezoidal Marafon","02008","100","0","0","TELHA GALVALUME TP 40 0,43MM 8,00M","Estoque","",""
"2026-03-06","Perf. Telha Trapezoidal Marafon","02005","100","0","0","TELHA GALVALUME TP 40 0,43MM 5,00M","Estoque","",""
"2026-03-06","Perf. Telha Trapezoidal Marafon","02005","100","0","0","TELHA GALVALUME TP 40 0,43MM 5,00M","Estoque","",""
"2026-03-06","Perf. Telha Trapezoidal Marafon","02007","100","0","0","TELHA GALVALUME TP 40 0,43MM 7,00M","Estoque","",""
"2026-03-06","Perf. Telha Trapezoidal Marafon","02000","134","0","0","TELHA GALVALUME TP 40 0,43MM","Estoque","",""
"2026-03-06","Perf. Telha Trapezoidal Marafon","02014","6","0","0","TELHA GALVALUME OND 17 0,43MM 4,00M","Estoque","",""
"2026-03-06","Perf. Telha Trapezoidal Marafon","02013","10","0","0","TELHA GALVALUME OND 17 0,43MM 3,00M","Estoque","",""
"2026-03-06","Perf. Telha Trapezoidal Marafon","02000","26","0","0","TELHA GALVALUME TP 40 0,43MM","Estoque","",""
"2026-03-03","Rodadeira 03","81667","1000","0","0","CACAMBA M 40 CONST GALV","Estoque","",""
"2026-03-03","Rodadeira 03","81667","600","0","0","CACAMBA M 40 CONST GALV","Estoque","",""
"2026-03-03","Rodadeira 03","81053","200","0","0","CACAMBA M 40 CONSTRUTOR","Estoque","",""
"2026-03-03","Rodadeira 03","81667","900","0","0","CACAMBA M 40 CONST GALV","Estoque","",""
"2026-03-05","Rodadeira 01","81627","740","0","0","CACAMBA M 40 POP GALV","Estoque","",""
"2026-03-04","Prensa Debrum 03","81627","1875","0","0","CACAMBA M 40 POP GALV","Estoque","",""
"2026-03-05","Prensa Debrum 03","81627","2000","0","0","CACAMBA M 40 POP GALV","Estoque","",""
"2026-03-04","Prensa Estampa 09","81667","1160","12","0","CACAMBA M 40 CONST GALV","Estoque","",""
"2026-03-05","Prensa Estampa 09","81667","1221","10","0","CACAMBA M 40 CONST GALV","Estoque","",""
"2026-03-04","Rodadeira 01","81627","700","0","0","CACAMBA M 40 POP GALV","Estoque","",""
"2026-03-04","Rodadeira 01","81627","1126","0","0","CACAMBA M 40 POP GALV","Estoque","",""
"2026-03-04","Rodadeira 01","81627","1100","0","0","CACAMBA M 40 POP GALV","Estoque","",""
"2026-03-04","Prensa Recorte 01","81627","2000","0","0","CACAMBA M 40 POP GALV","Estoque","",""
"2026-03-03","Prensa Recorte 01","81627","1501","0","0","CACAMBA M 40 POP GALV","Estoque","",""
"2026-03-09","Perf. Telha Trapezoidal Marafon","02000","57","0","0","TELHA GALVALUME TP 40 0,43MM","Estoque","",""
"2026-03-09","Perf. Telha Ondulada V8","02007","7","0","0","TELHA GALVALUME TP 40 0,43MM 7,00M","Estoque","",""
"2026-03-09","Perf. Telha Ondulada V8","02003","3","0","0","TELHA GALVALUME TP 40 0,43MM 3,00M","Estoque","",""
"2026-03-09","Perf. Telha Ondulada V8","02020","11","0","0","TELHA CUMEEIRA GL TRAP 40 ABAS 300MM","Estoque","",""
"2026-03-09","Perf. Telha Ondulada V8","02006","69","0","0","TELHA GALVALUME TP 40 0,43MM 6,00M","Estoque","",""
"2026-03-06","Rodadeira 02","81627","1200","0","0","CACAMBA M 40 POP GALV","Estoque","",""
"2026-03-09","Rodadeira 02","81627","1034","0","0","CACAMBA M 40 POP GALV","Estoque","",""
"2026-03-09","Rodadeira 02","81626","161","0","0","CACAMBA M 40 POP","Estoque","",""
"2026-03-06","Prensa Recorte 01","81627","1650","0","0","CACAMBA M 40 POP GALV","Estoque","",""
"2026-03-09","Prensa Debrum 03","81627","1850","0","0","CACAMBA M 40 POP GALV","Estoque","",""
"2026-03-06","Prensa Debrum 03","81627","1450","0","0","CACAMBA M 40 POP GALV","Estoque","",""
"2026-03-09","Rodadeira 03","81667","1100","0","0","CACAMBA M 40 CONST GALV","Estoque","",""
"2026-03-06","Rodadeira 03","81053","100","0","0","CACAMBA M 40 CONSTRUTOR","Estoque","",""
"2026-03-06","Rodadeira 03","81667","800","0","0","CACAMBA M 40 CONST GALV","Estoque","",""
"2026-03-06","Prensa Recorte 02","81667","2000","0","0","CACAMBA M 40 CONST GALV","Estoque","",""
"2026-03-05","Prensa Recorte 02","81627","800","0","0","CACAMBA M 40 POP GALV","Estoque","",""
"2026-03-06","Rodadeira 01","81627","341","1","0","CACAMBA M 40 POP GALV","Estoque","",""
"2026-03-09","Rodadeira 01","81627","750","0","0","CACAMBA M 40 POP GALV","Estoque","",""
"2026-03-11","Perfil ""U"" ZL","00672B","114","0","0","PERFIL UE 100X50X17X2,00","Estoque","",""
"2026-03-11","Perf. Telha Trapezoidal Marafon","02008","50","0","0","TELHA GALVALUME TP 40 0,43MM 8,00M","Estoque","",""
"2026-03-11","Perf. Telha Trapezoidal Marafon","02006","200","0","0","TELHA GALVALUME TP 40 0,43MM 6,00M","Estoque","",""
"2026-03-11","Perf. Telha Trapezoidal Marafon","02005","100","0","0","TELHA GALVALUME TP 40 0,43MM 5,00M","Estoque","",""
"2026-03-11","Perf. Telha Trapezoidal Marafon","02004","100","0","0","TELHA GALVALUME TP 40 0,43MM 4,00M","Estoque","",""
"2026-03-13","Perf. Telha Trapezoidal Marafon","02005","300","0","0","TELHA GALVALUME TP 40 0,43MM 5,00M","Estoque","",""
"2026-03-13","Perf. Telha Trapezoidal Marafon","02007","100","0","0","TELHA GALVALUME TP 40 0,43MM 7,00M","Estoque","",""
"2026-03-13","Perf. Telha Trapezoidal Marafon","02006","200","0","0","TELHA GALVALUME TP 40 0,43MM 6,00M","Estoque","",""
"2026-03-13","Perf. Telha Trapezoidal Marafon","02004","100","0","0","TELHA GALVALUME TP 40 0,43MM 4,00M","Estoque","",""
"2026-03-13","Perf. Telha Trapezoidal Marafon","02006","400","0","0","TELHA GALVALUME TP 40 0,43MM 6,00M","Estoque","",""
"2026-03-13","Perf. Telha Trapezoidal Marafon","02004","201","0","0","TELHA GALVALUME TP 40 0,43MM 4,00M","Estoque","",""
"2026-03-13","Perf. Telha Trapezoidal Marafon","02003","100","0","0","TELHA GALVALUME TP 40 0,43MM 3,00M","Estoque","",""
"2026-03-13","Perf. Telha Trapezoidal Marafon","02007","100","0","0","TELHA GALVALUME TP 40 0,43MM 7,00M","Estoque","",""
"2026-03-13","Perf. Telha Trapezoidal Marafon","02005","100","0","0","TELHA GALVALUME TP 40 0,43MM 5,00M","Estoque","",""
"2026-03-16","Perf. Telha Trapezoidal Marafon","02005","200","0","0","TELHA GALVALUME TP 40 0,43MM 5,00M","Estoque","",""
"2026-03-16","Perf. Telha Trapezoidal Marafon","02004","89","0","0","TELHA GALVALUME TP 40 0,43MM 4,00M","Estoque","",""
"2026-03-16","Perf. Telha Trapezoidal Marafon","02006","60","0","0","TELHA GALVALUME TP 40 0,43MM 6,00M","Estoque","",""
"2026-03-17","Perf. Telha Trapezoidal Marafon","02006","31","0","0","TELHA GALVALUME TP 40 0,43MM 6,00M","Estoque","",""
"2026-03-18","Perf. Telha Trapezoidal Marafon","02006","200","0","0","TELHA GALVALUME TP 40 0,43MM 6,00M","Estoque","",""
"2026-03-18","Perf. Telha Trapezoidal Marafon","02004","202","0","0","TELHA GALVALUME TP 40 0,43MM 4,00M","Estoque","",""
"2026-03-18","Perf. Telha Trapezoidal Marafon","02007","100","0","0","TELHA GALVALUME TP 40 0,43MM 7,00M","Estoque","",""
"2026-03-18","Perf. Telha Trapezoidal Marafon","02006","150","0","0","TELHA GALVALUME TP 40 0,43MM 6,00M","Estoque","",""
"2026-03-18","Perf. Telha Trapezoidal Marafon","02000","246","0","0","TELHA GALVALUME TP 40 0,43MM","Estoque","",""
"2026-03-19","Perf. Telha Trapezoidal Marafon","02000","47","0","0","TELHA GALVALUME TP 40 0,43MM","Estoque","",""
"2026-03-19","Perf. Telha Trapezoidal Marafon","02008","50","0","0","TELHA GALVALUME TP 40 0,43MM 8,00M","Estoque","",""
"2026-03-19","Perf. Telha Trapezoidal Marafon","02007","50","0","0","TELHA GALVALUME TP 40 0,43MM 7,00M","Estoque","",""
"2026-03-19","Perf. Telha Trapezoidal Marafon","02000","50","0","0","TELHA GALVALUME TP 40 0,43MM","Estoque","",""
"2026-03-19","Perf. Telha Trapezoidal Marafon","02006","50","0","0","TELHA GALVALUME TP 40 0,43MM 6,00M","Estoque","",""
"2026-03-19","Perf. Telha Trapezoidal Marafon","02000","113","0","0","TELHA GALVALUME TP 40 0,43MM","Estoque","",""
"2026-03-19","Perf. Telha Trapezoidal Marafon","02003","31","0","0","TELHA GALVALUME TP 40 0,43MM 3,00M","Estoque","",""
"2026-03-19","Perf. Telha Trapezoidal Marafon","02020","31","0","0","TELHA CUMEEIRA GL TRAP 40 ABAS 300MM","Estoque","",""
"2026-03-19","Perf. Telha Trapezoidal Marafon","02000","164","0","0","TELHA GALVALUME TP 40 0,43MM","Estoque","",""
"2026-03-20","Perf. Telha Trapezoidal Marafon","02000","290","0","0","TELHA GALVALUME TP 40 0,43MM","Estoque","",""
"2026-03-20","Perf. Telha Trapezoidal Marafon","02020","37","0","0","TELHA CUMEEIRA GL TRAP 40 ABAS 300MM","Estoque","",""
"2026-03-20","Perf. Telha Trapezoidal Marafon","02008","35","0","0","TELHA GALVALUME TP 40 0,43MM 8,00M","Estoque","",""
"2026-03-20","Perf. Telha Trapezoidal Marafon","02008","65","0","0","TELHA GALVALUME TP 40 0,43MM 8,00M","Estoque","",""
"2026-03-20","Perf. Telha Trapezoidal Marafon","02007","100","0","0","TELHA GALVALUME TP 40 0,43MM 7,00M","Estoque","",""
"2026-03-20","Perf. Telha Trapezoidal Marafon","02000","26","0","0","TELHA GALVALUME TP 40 0,43MM","Estoque","",""
"2026-03-20","Perf. Telha Trapezoidal Marafon","02000","63","0","0","TELHA GALVALUME TP 40 0,43MM","Estoque","",""
"2026-03-13","Prensa Recorte 02","81053","2085","0","0","CACAMBA M 40 CONSTRUTOR","Estoque","",""
"2026-03-16","Prensa Recorte 02","81053","1563","0","0","CACAMBA M 40 CONSTRUTOR","Estoque","",""
"2026-03-16","Prensa Recorte 02","81667","426","0","0","CACAMBA M 40 CONST GALV","Estoque","",""
"2026-03-16","Prensa Debrum 03","81823","1132","0","0","CACAMBA M 50 5.0","Estoque","",""
"2026-03-16","Prensa Debrum 03","81627","117","0","0","CACAMBA M 40 POP GALV","Estoque","",""
"2026-03-17","Prensa Debrum 03","81058","370","0","0","CACAMBA M 75 PLUS","Estoque","",""
"2026-03-17","Prensa Recorte 01","81053","196","0","0","CACAMBA M 40 CONSTRUTOR","Estoque","",""
"2026-03-17","Prensa Recorte 01","81055","1004","0","0","CACAMBA M 60 SUPER","Estoque","",""
"2026-03-16","Prensa Recorte 01","81823","1017","0","0","CACAMBA M 50 5.0","Estoque","",""
"2026-03-16","Prensa Recorte 01","81058","173","0","0","CACAMBA M 75 PLUS","Estoque","",""
"2026-03-16","Prensa Recorte 01","81823","573","0","0","CACAMBA M 50 5.0","Estoque","",""
"2026-03-17","Rodadeira 01","81058","154","0","0","CACAMBA M 75 PLUS","Estoque","",""
"2026-03-17","Rodadeira 03","81667","1000","0","0","CACAMBA M 40 CONST GALV","Estoque","",""
"2026-03-17","Rodadeira 03","81053","94","0","0","CACAMBA M 40 CONSTRUTOR","Estoque","",""
"2026-03-16","Rodadeira 03","81626","590","0","0","CACAMBA M 40 POP","Estoque","",""
"2026-03-17","Rodadeira 01","81626","511","0","0","CACAMBA M 40 POP","Estoque","",""
"2026-03-17","Rodadeira 01","81627","500","0","0","CACAMBA M 40 POP GALV","Estoque","",""
"2026-03-16","Rodadeira 02","81823","520","0","0","CACAMBA M 50 5.0","Estoque","",""
"2026-03-16","Rodadeira 02","81058","80","0","0","CACAMBA M 75 PLUS","Estoque","",""
"2026-03-17","Rodadeira 02","81058","141","0","0","CACAMBA M 75 PLUS","Estoque","",""
"2026-03-17","Rodadeira 02","81055","523","0","0","CACAMBA M 60 SUPER","Estoque","",""
"2026-03-23","Perf. Telha Trapezoidal Marafon","02000","212","0","0","TELHA GALVALUME TP 40 0,43MM","Estoque","",""
"2026-03-23","Perf. Telha Trapezoidal Marafon","02006","222","0","0","TELHA GALVALUME TP 40 0,43MM 6,00M","Estoque","",""
"2026-03-23","Perf. Telha Trapezoidal Marafon","02005","100","0","0","TELHA GALVALUME TP 40 0,43MM 5,00M","Estoque","",""
"2026-03-23","Perf. Telha Trapezoidal Marafon","02008","100","0","0","TELHA GALVALUME TP 40 0,43MM 8,00M","Estoque","",""
"2026-03-09","Prensa Estampa 09","81667","764","24","0","CACAMBA M 40 CONST GALV","Estoque","",""
"2026-03-09","Prensa Estampa 09","81053","222","12","0","CACAMBA M 40 CONSTRUTOR","Estoque","",""
"2026-03-06","Prensa Estampa 09","81667","829","3","0","CACAMBA M 40 CONST GALV","Estoque","",""
"2026-03-06","Prensa Estampa 04","81627","720","1","0","CACAMBA M 40 POP GALV","Estoque","",""
"2026-03-05","Prensa Estampa 04","81627","600","14","1","CACAMBA M 40 POP GALV","Estoque","",""
"2026-03-10","Prensa Estampa 09","81053","580","0","0","CACAMBA M 40 CONSTRUTOR","Estoque","",""
"2026-03-10","Prensa Estampa 09","81667","464","0","0","CACAMBA M 40 CONST GALV","Estoque","",""
"2026-03-11","Prensa Estampa 09","81053","1098","5","0","CACAMBA M 40 CONSTRUTOR","Estoque","",""
"2026-03-10","Prensa Debrum 03","81626","850","0","0","CACAMBA M 40 POP","Estoque","",""
"2026-03-10","Prensa Debrum 03","81627","300","0","0","CACAMBA M 40 POP GALV","Estoque","",""
"2026-03-11","Prensa Debrum 03","81627","80","0","0","CACAMBA M 40 POP GALV","Estoque","",""
"2026-03-11","Prensa Debrum 03","81823","860","0","0","CACAMBA M 50 5.0","Estoque","",""
"2026-03-11","Prensa Debrum 03","81626","513","0","0","CACAMBA M 40 POP","Estoque","",""
"2026-03-10","Rodadeira 01","81626","350","0","0","CACAMBA M 40 POP","Estoque","",""
"2026-03-11","Rodadeira 01","81626","280","0","0","CACAMBA M 40 POP","Estoque","",""
"2026-03-10","Prensa Recorte 01","81627","400","0","0","CACAMBA M 40 POP GALV","Estoque","",""
"2026-03-10","Prensa Recorte 01","81626","536","0","0","CACAMBA M 40 POP","Estoque","",""
"2026-03-10","Prensa Recorte 01","81823","183","0","0","CACAMBA M 50 5.0","Estoque","",""
"2026-03-11","Prensa Recorte 01","81823","674","0","0","CACAMBA M 50 5.0","Estoque","",""
"2026-03-11","Prensa Recorte 01","81626","836","0","0","CACAMBA M 40 POP","Estoque","",""
"2026-03-10","Rodadeira 02","81626","290","0","0","CACAMBA M 40 POP","Estoque","",""
"2026-03-10","Rodadeira 02","81627","195","5","0","CACAMBA M 40 POP GALV","Estoque","",""
"2026-03-10","Rodadeira 02","81823","91","0","0","CACAMBA M 50 5.0","Estoque","",""
"2026-03-11","Rodadeira 02","81823","454","0","0","CACAMBA M 50 5.0","Estoque","",""
"2026-03-11","Rodadeira 02","81626","500","0","0","CACAMBA M 40 POP","Estoque","",""
"2026-03-10","Rodadeira 03","81667","900","0","0","CACAMBA M 40 CONST GALV","Estoque","",""
"2026-03-11","Rodadeira 03","81053","730","0","0","CACAMBA M 40 CONSTRUTOR","Estoque","",""
"2026-03-10","Prensa Estampa 04","81627","307","0","30","CACAMBA M 40 POP GALV","Estoque","",""
"2026-03-10","Prensa Estampa 04","81626","53","0","7","CACAMBA M 40 POP","Estoque","",""
"2026-03-09","Prensa Estampa 04","81627","318","14","7","CACAMBA M 40 POP GALV","Estoque","",""
"2026-03-09","Rodadeira 01","81627","1060","0","0","CACAMBA M 40 POP GALV","Estoque","",""
"2026-03-10","Rodadeira 01","81627","732","0","0","CACAMBA M 40 POP GALV","Estoque","",""
"2026-03-09","Prensa Recorte 02","81667","2080","0","0","CACAMBA M 40 CONST GALV","Estoque","",""
"2026-03-10","Prensa Recorte 02","81667","151","0","0","CACAMBA M 40 CONST GALV","Estoque","",""
"2026-03-10","Prensa Recorte 02","81053","201","0","0","CACAMBA M 40 CONSTRUTOR","Estoque","",""
"2026-03-24","Perf. Telha Trapezoidal Marafon","02000","228","0","0","TELHA GALVALUME TP 40 0,43MM","Estoque","",""
"2026-03-24","Perf. Telha Trapezoidal Marafon","02006","36","0","0","TELHA GALVALUME TP 40 0,43MM 6,00M","Estoque","",""
"2026-03-24","Perf. Telha Trapezoidal Marafon","02003","18","0","0","TELHA GALVALUME TP 40 0,43MM 3,00M","Estoque","",""
"2026-03-24","Perf. Telha Trapezoidal Marafon","02003","2","0","0","TELHA GALVALUME TP 40 0,43MM 3,00M","Estoque","",""
"2026-03-24","Perf. Telha Trapezoidal Marafon","02005","24","0","0","TELHA GALVALUME TP 40 0,43MM 5,00M","Estoque","",""
"2026-03-24","Perf. Telha Trapezoidal Marafon","02004","12","0","0","TELHA GALVALUME TP 40 0,43MM 4,00M","Estoque","",""
"2026-03-24","Perf. Telha Trapezoidal Marafon","02003","12","0","0","TELHA GALVALUME TP 40 0,43MM 3,00M","Estoque","",""
"2026-03-24","Perf. Telha Trapezoidal Marafon","02020","23","0","0","TELHA CUMEEIRA GL TRAP 40 ABAS 300MM","Estoque","",""
"2026-03-24","Perf. Telha Trapezoidal Marafon","02020","11","0","0","TELHA CUMEEIRA GL TRAP 40 ABAS 300MM","Estoque","",""
"2026-03-24","Perf. Telha Trapezoidal Marafon","02006","1","0","0","TELHA GALVALUME TP 40 0,43MM 6,00M","Estoque","",""
"2026-03-24","Perf. Telha Trapezoidal Marafon","02004","2","0","0","TELHA GALVALUME TP 40 0,43MM 4,00M","Estoque","",""
"2026-03-24","Perf. Telha Trapezoidal Marafon","02020","12","0","0","TELHA CUMEEIRA GL TRAP 40 ABAS 300MM","Estoque","",""
"2026-03-24","Perf. Telha Trapezoidal Marafon","02005","9","0","0","TELHA GALVALUME TP 40 0,43MM 5,00M","Estoque","",""
"2026-03-24","Perf. Telha Trapezoidal Marafon","02004","11","0","0","TELHA GALVALUME TP 40 0,43MM 4,00M","Estoque","",""
"2026-03-24","Perf. Telha Trapezoidal Marafon","02005","6","0","0","TELHA GALVALUME TP 40 0,43MM 5,00M","Estoque","",""
"2026-03-24","Perf. Telha Trapezoidal Marafon","02006","100","0","0","TELHA GALVALUME TP 40 0,43MM 6,00M","Estoque","",""
"2026-03-17","Prensa Recorte 02","81667","1169","0","0","CACAMBA M 40 CONST GALV","Estoque","",""
"2026-03-18","Prensa Recorte 02","81667","1770","0","0","CACAMBA M 40 CONST GALV","Estoque","",""
"2026-03-18","Rodadeira 03","81823","530","3","0","CACAMBA M 50 5.0","Estoque","",""
"2026-03-18","Rodadeira 03","81055","110","0","0","CACAMBA M 60 SUPER","Estoque","",""
"2026-03-19","Rodadeira 02","81667","630","0","0","CACAMBA M 40 CONST GALV","Estoque","",""
"2026-03-18","Rodadeira 02","81667","1030","0","0","CACAMBA M 40 CONST GALV","Estoque","",""
"2026-03-18","Rodadeira 03","81667","437","0","0","CACAMBA M 40 CONST GALV","Estoque","",""
"2026-03-18","Rodadeira 01","81627","775","0","0","CACAMBA M 40 POP GALV","Estoque","",""
"2026-03-19","Rodadeira 02","81055","186","0","0","CACAMBA M 60 SUPER","Estoque","",""
"2026-03-20","Rodadeira 03","81053","200","0","0","CACAMBA M 40 CONSTRUTOR","Estoque","",""
"2026-03-20","Rodadeira 03","81667","625","0","0","CACAMBA M 40 CONST GALV","Estoque","",""
"2026-03-23","Rodadeira 03","81667","900","0","0","CACAMBA M 40 CONST GALV","Estoque","",""
"2026-03-20","Rodadeira 03","81667","647","0","0","CACAMBA M 40 CONST GALV","Estoque","",""
"2026-03-20","Rodadeira 03","81627","500","0","0","CACAMBA M 40 POP GALV","Estoque","",""
"2026-03-19","Prensa Debrum 03","81055","1075","0","0","CACAMBA M 60 SUPER","Estoque","",""
"2026-03-17","Prensa Debrum 03","81667","1060","1","0","CACAMBA M 40 CONST GALV","Estoque","",""
"2026-03-16","Prensa Debrum 03","81667","945","15","0","CACAMBA M 40 CONST GALV","Estoque","",""
"2026-03-19","Prensa Estampa 09","81667","1115","15","0","CACAMBA M 40 CONST GALV","Estoque","",""
"2026-03-18","Prensa Estampa 09","81667","960","20","0","CACAMBA M 40 CONST GALV","Estoque","",""
"2026-03-19","Prensa Recorte 02","81667","1525","0","0","CACAMBA M 40 CONST GALV","Estoque","",""
"2026-03-20","Prensa Recorte 02","81667","1000","0","0","CACAMBA M 40 CONST GALV","Estoque","",""
"2026-03-23","Rodadeira 01","81055","500","2","0","CACAMBA M 60 SUPER","Estoque","",""
"2026-03-23","Rodadeira 01","81058","100","0","0","CACAMBA M 75 PLUS","Estoque","",""
"2026-03-20","Prensa Recorte 01","81055","1108","0","0","CACAMBA M 60 SUPER","Estoque","",""
"2026-03-20","Prensa Recorte 01","81058","42","0","0","CACAMBA M 75 PLUS","Estoque","",""
"2026-03-23","Prensa Recorte 01","81058","961","0","0","CACAMBA M 75 PLUS","Estoque","",""
"2026-03-23","Prensa Estampa 09","81667","925","20","0","CACAMBA M 40 CONST GALV","Estoque","",""
"2026-03-23","Prensa Estampa 09","81667","55","4","0","CACAMBA M 40 CONST GALV","Estoque","",""
"2026-03-20","Prensa Estampa 09","81667","1020","20","0","CACAMBA M 40 CONST GALV","Estoque","",""
"2026-03-25","Perf. Telha Trapezoidal Marafon","02006","400","0","0","TELHA GALVALUME TP 40 0,43MM 6,00M","Estoque","",""
"2026-03-25","Perf. Telha Trapezoidal Marafon","02005","400","0","0","TELHA GALVALUME TP 40 0,43MM 5,00M","Estoque","",""
"2026-03-25","Perf. Telha Trapezoidal Marafon","02000","26","0","0","TELHA GALVALUME TP 40 0,43MM","Estoque","",""
"2026-03-25","Perf. Telha Ondulada V8","02017","9","0","0","TELHA GALVALUME OND 17 0,43MM 7,00M","Estoque","",""
"2026-03-25","Perf. Telha Ondulada V8","02015","15","0","0","TELHA GALVALUME OND 17 0,43MM 5,00M","Estoque","",""
"2026-03-25","Perf. Telha Ondulada V8","02015","18","0","0","TELHA GALVALUME OND 17 0,43MM 5,00M","Estoque","",""
"2026-03-25","Perf. Telha Ondulada V8","02014","6","0","0","TELHA GALVALUME OND 17 0,43MM 4,00M","Estoque","",""
"2026-03-13","Prensa Estampa 04","81823","746","4","0","CACAMBA M 50 5.0","Estoque","",""
"2026-03-17","Prensa 500 ton","81055","627","13","0","CACAMBA M 60 SUPER","Estoque","",""
"2026-03-18","Prensa 500 ton","81055","480","0","0","CACAMBA M 60 SUPER","Estoque","",""
"2026-03-18","Prensa Estampa 04","81823","239","7","0","CACAMBA M 50 5.0","Estoque","",""
"2026-03-20","Prensa 500 ton","81058","693","2","0","CACAMBA M 75 PLUS","Estoque","",""
"2026-03-23","Rodadeira 02","81058","100","0","0","CACAMBA M 75 PLUS","Estoque","",""
"2026-03-23","Rodadeira 02","81055","150","0","0","CACAMBA M 60 SUPER","Estoque","",""
"2026-03-24","Rodadeira 02","81058","343","0","0","CACAMBA M 75 PLUS","Estoque","",""
"2026-03-23","Prensa 500 ton","81058","448","1","0","CACAMBA M 75 PLUS","Estoque","",""
"2026-03-23","Prensa Recorte 02","81667","1953","0","0","CACAMBA M 40 CONST GALV","Estoque","",""
"2026-03-24","Prensa Recorte 02","81667","1600","0","0","CACAMBA M 40 CONST GALV","Estoque","",""
"2026-03-24","Prensa Estampa 09","81667","1055","5","0","CACAMBA M 40 CONST GALV","Estoque","",""
"2026-03-24","Rodadeira 01","81058","450","0","0","CACAMBA M 75 PLUS","Estoque","",""
"2026-03-26","Perf. Telha Trapezoidal Marafon","02007","300","0","0","TELHA GALVALUME TP 40 0,43MM 7,00M","Estoque","",""
"2026-03-26","Perf. Telha Trapezoidal Marafon","02003","200","0","0","TELHA GALVALUME TP 40 0,43MM 3,00M","Estoque","",""
"2026-03-26","Perf. Telha Trapezoidal Marafon","02004","200","0","0","TELHA GALVALUME TP 40 0,43MM 4,00M","Estoque","",""
"2026-03-26","Perf. Telha Trapezoidal Marafon","02000","50","0","0","TELHA GALVALUME TP 40 0,43MM","Estoque","",""
"2026-03-27","Perf. Telha Trapezoidal Marafon","02006","93","0","0","TELHA GALVALUME TP 40 0,43MM 6,00M","Estoque","",""
"2026-03-27","Perf. Telha Trapezoidal Marafon","02000","230","0","0","TELHA GALVALUME TP 40 0,43MM","Estoque","",""
"2026-03-27","Perf. Telha Trapezoidal Marafon","02003","8","0","0","TELHA GALVALUME TP 40 0,43MM 3,00M","Estoque","",""
"2026-03-27","Perf. Telha Trapezoidal Marafon","02003","9","0","0","TELHA GALVALUME TP 40 0,43MM 3,00M","Estoque","",""
"2026-03-27","Perf. Telha Trapezoidal Marafon","02004","9","0","0","TELHA GALVALUME TP 40 0,43MM 4,00M","Estoque","",""
"2026-03-27","Perf. Telha Trapezoidal Marafon","02008","6","0","0","TELHA GALVALUME TP 40 0,43MM 8,00M","Estoque","",""
"2026-03-27","Perf. Telha Trapezoidal Marafon","02007","56","0","0","TELHA GALVALUME TP 40 0,43MM 7,00M","Estoque","",""
"2026-03-27","Perf. Telha Trapezoidal Marafon","02004","1","0","0","TELHA GALVALUME TP 40 0,43MM 4,00M","Estoque","",""
"2026-03-27","Perf. Telha Trapezoidal Marafon","02005","142","0","0","TELHA GALVALUME TP 40 0,43MM 5,00M","Estoque","",""
"2026-03-30","Perf. Telha Trapezoidal Marafon","02005","58","0","0","TELHA GALVALUME TP 40 0,43MM 5,00M","Estoque","",""
"2026-03-30","Perf. Telha Ondulada V8","02016","29","0","0","TELHA GALVALUME OND 17 0,43MM 6,00M","Estoque","",""
"2026-03-30","Perf. Telha Ondulada V8","02000","32","0","0","TELHA GALVALUME TP 40 0,43MM","Estoque","",""
"2026-03-31","Perf. Telha Trapezoidal Marafon","02006","100","0","0","TELHA GALVALUME TP 40 0,43MM 6,00M","Estoque","",""
"2026-03-31","Perf. Telha Trapezoidal Marafon","02003","100","0","0","TELHA GALVALUME TP 40 0,43MM 3,00M","Estoque","",""
"2026-03-31","Perf. Telha Trapezoidal Marafon","02004","100","0","0","TELHA GALVALUME TP 40 0,43MM 4,00M","Estoque","",""
"2026-04-01","Perf. Telha Trapezoidal Marafon","02003","120","0","0","TELHA GALVALUME TP 40 0,43MM 3,00M","Estoque","",""
"2026-04-01","Perf. Telha Trapezoidal Marafon","02005","100","0","0","TELHA GALVALUME TP 40 0,43MM 5,00M","Estoque","",""
"2026-04-01","Perf. Telha Trapezoidal Marafon","02007","50","0","0","TELHA GALVALUME TP 40 0,43MM 7,00M","Estoque","",""
"2026-04-01","Perf. Telha Trapezoidal Marafon","02000","64","0","0","TELHA GALVALUME TP 40 0,43MM","Estoque","",""
"2026-04-01","Perf. Telha Trapezoidal Marafon","02020","20","0","0","TELHA CUMEEIRA GL TRAP 40 ABAS 300MM","Estoque","",""
"2026-04-01","Perf. Telha Trapezoidal Marafon","02000","46","0","0","TELHA GALVALUME TP 40 0,43MM","Estoque","",""
"2026-04-01","Perf. Telha Trapezoidal Marafon","02006","30","0","0","TELHA GALVALUME TP 40 0,43MM 6,00M","Estoque","",""
"2026-04-01","Perf. Telha Trapezoidal Marafon","02006","49","0","0","TELHA GALVALUME TP 40 0,43MM 6,00M","Estoque","",""
"2026-04-01","Perf. Telha Trapezoidal Marafon","02005","50","0","0","TELHA GALVALUME TP 40 0,43MM 5,00M","Estoque","",""
"2026-04-01","Perf. Telha Trapezoidal Marafon","02004","40","0","0","TELHA GALVALUME TP 40 0,43MM 4,00M","Estoque","",""
"2026-04-01","Perf. Telha Trapezoidal Marafon","02000","29","0","0","TELHA GALVALUME TP 40 0,43MM","Estoque","",""
"2026-04-01","Perf. Telha Trapezoidal Marafon","02008","10","0","0","TELHA GALVALUME TP 40 0,43MM 8,00M","Estoque","",""
"2026-04-01","Perf. Telha Trapezoidal Marafon","02007","4","0","0","TELHA GALVALUME TP 40 0,43MM 7,00M","Estoque","",""
"2026-04-01","Perf. Telha Trapezoidal Marafon","02000","17","0","0","TELHA GALVALUME TP 40 0,43MM","Estoque","",""
"2026-04-01","Perf. Telha Trapezoidal Marafon","02004","3","0","0","TELHA GALVALUME TP 40 0,43MM 4,00M","Estoque","",""
"2026-03-26","Prensa Debrum 03","81627","400","0","0","CACAMBA M 40 POP GALV","Estoque","",""
"2026-03-26","Rodadeira 02","81627","450","0","0","CACAMBA M 40 POP GALV","Estoque","",""
"2026-03-26","Rodadeira 01","81627","900","0","0","CACAMBA M 40 POP GALV","Estoque","",""
"2026-03-26","Prensa 500 ton","81627","501","7","0","CACAMBA M 40 POP GALV","Estoque","",""
"2026-03-26","Prensa Recorte 02","81667","1211","0","0","CACAMBA M 40 CONST GALV","Estoque","",""
"2026-03-26","Rodadeira 03","81667","902","3","0","CACAMBA M 40 CONST GALV","Estoque","",""
"2026-03-27","Rodadeira 03","81667","860","0","0","CACAMBA M 40 CONST GALV","Estoque","",""
"2026-03-27","Prensa 500 ton","81627","580","20","0","CACAMBA M 40 POP GALV","Estoque","",""
"2026-03-27","Rodadeira 01","81627","585","0","0","CACAMBA M 40 POP GALV","Estoque","",""
"2026-03-27","Prensa Recorte 01","81627","1063","0","0","CACAMBA M 40 POP GALV","Estoque","",""
"2026-03-26","Prensa Estampa 09","81667","943","23","0","CACAMBA M 40 CONST GALV","Estoque","",""
"2026-03-27","Prensa Estampa 09","81667","1007","12","0","CACAMBA M 40 CONST GALV","Estoque","",""
"2026-03-30","Prensa Estampa 09","81667","980","20","0","CACAMBA M 40 CONST GALV","Estoque","",""
"2026-03-30","Prensa Recorte 02","81667","1350","0","0","CACAMBA M 40 CONST GALV","Estoque","",""
"2026-03-30","Prensa Recorte 01","81627","1700","0","0","CACAMBA M 40 POP GALV","Estoque","",""
"2026-03-30","Rodadeira 01","81627","900","0","0","CACAMBA M 40 POP GALV","Estoque","",""
"2026-03-30","Rodadeira 03","81667","820","2","0","CACAMBA M 40 CONST GALV","Estoque","",""
"2026-03-30","Rodadeira 01","81627","648","0","0","CACAMBA M 40 POP GALV","Estoque","",""
"2026-03-30","Rodadeira 02","81627","340","38","0","CACAMBA M 40 POP GALV","Estoque","",""
"2026-03-31","Rodadeira 01","81667","1200","0","0","CACAMBA M 40 CONST GALV","Estoque","",""
"2026-03-31","Rodadeira 01","81667","1000","0","0","CACAMBA M 40 CONST GALV","Estoque","",""
"2026-03-31","Rodadeira 03","81667","1000","0","0","CACAMBA M 40 CONST GALV","Estoque","",""
"2026-03-31","Prensa Recorte 01","81667","1050","0","0","CACAMBA M 40 CONST GALV","Estoque","",""
"2026-04-01","Rodadeira 01","81627","105","0","0","CACAMBA M 40 POP GALV","Estoque","",""
"2026-04-01","Prensa Recorte 01","81627","105","0","0","CACAMBA M 40 POP GALV","Estoque","",""
"2026-04-02","Perf. Telha Trapezoidal Marafon","02006","300","0","0","TELHA GALVALUME TP 40 0,43MM 6,00M","Estoque","",""
"2026-04-02","Perf. Telha Trapezoidal Marafon","02005","114","0","0","TELHA GALVALUME TP 40 0,43MM 5,00M","Estoque","",""
"2026-04-02","Perf. Telha Trapezoidal Marafon","02004","14","0","0","TELHA GALVALUME TP 40 0,43MM 4,00M","Estoque","",""
"2026-04-02","Perf. Telha Trapezoidal Marafon","02000","14","0","0","TELHA GALVALUME TP 40 0,43MM","Estoque","",""
"2026-04-02","Perf. Telha Trapezoidal Marafon","02007","15","0","0","TELHA GALVALUME TP 40 0,43MM 7,00M","Estoque","",""
"2026-03-31","Rodadeira 02","81627","315","20","0","CACAMBA M 40 POP GALV","Estoque","",""
"2026-04-06","Rodadeira 03","81667","736","0","0","CACAMBA M 40 CONST GALV","Estoque","",""
"2026-04-06","Rodadeira 03","81053","200","0","0","CACAMBA M 40 CONSTRUTOR","Estoque","",""
"2026-04-06","Rodadeira 01","81627","514","0","0","CACAMBA M 40 POP GALV","Estoque","",""
"2026-04-06","Rodadeira 01","81626","914","0","0","CACAMBA M 40 POP","Estoque","",""
"2026-04-06","Prensa Recorte 02","81667","1094","0","0","CACAMBA M 40 CONST GALV","Estoque","",""
"2026-04-06","Prensa Recorte 02","81053","450","0","0","CACAMBA M 40 CONSTRUTOR","Estoque","",""
"2026-04-06","Rodadeira 01","81627","1109","0","0","CACAMBA M 40 POP GALV","Estoque","",""
"2026-04-06","Rodadeira 01","81627","174","0","0","CACAMBA M 40 POP GALV","Estoque","",""
"2026-04-06","Rodadeira 01","81626","310","0","0","CACAMBA M 40 POP","Estoque","",""
"2026-04-06","Rodadeira 01","81055","200","0","0","CACAMBA M 60 SUPER","Estoque","",""
"2026-03-12","Rodadeira 01","81626","735","0","0","CACAMBA M 40 POP","Estoque","",""
"2026-04-01","Prensa Recorte 01","81627","105","0","0","CACAMBA M 40 POP GALV","Estoque","",""
"2026-04-01","Prensa Recorte 01","81823","701","0","0","CACAMBA M 50 5.0","Estoque","",""
"2026-04-01","Prensa Recorte 01","81058","318","0","0","CACAMBA M 75 PLUS","Estoque","",""
"2026-04-01","Prensa Recorte 02","81627","153","0","0","CACAMBA M 40 POP GALV","Estoque","",""
"2026-04-01","Prensa Recorte 02","81823","700","0","0","CACAMBA M 50 5.0","Estoque","",""
"2026-04-01","Rodadeira 02","81823","151","0","0","CACAMBA M 50 5.0","Estoque","",""
"2026-04-01","Rodadeira 01","81627","105","0","0","CACAMBA M 40 POP GALV","Estoque","",""
"2026-04-01","Rodadeira 01","81823","550","0","0","CACAMBA M 50 5.0","Estoque","",""
"2026-04-01","Rodadeira 01","81058","200","0","0","CACAMBA M 75 PLUS","Estoque","",""
"2026-04-01","Prensa Estampa 09","81667","1025","15","0","CACAMBA M 40 CONST GALV","Estoque","",""
"2026-03-31","Prensa Estampa 09","81667","894","20","0","CACAMBA M 40 CONST GALV","Estoque","",""
"2026-04-06","Perf. Telha Trapezoidal Marafon","02000","60","0","0","TELHA GALVALUME TP 40 0,43MM","Estoque","",""
"2026-04-06","Perf. Telha Trapezoidal Marafon","02008","160","0","0","TELHA GALVALUME TP 40 0,43MM 8,00M","Estoque","",""
"2026-04-06","Perf. Telha Trapezoidal Marafon","02006","290","0","0","TELHA GALVALUME TP 40 0,43MM 6,00M","Estoque","",""
"2026-04-06","Perf. Telha Trapezoidal Marafon","02004","211","0","0","TELHA GALVALUME TP 40 0,43MM 4,00M","Estoque","",""
"2026-04-06","Perf. Telha Trapezoidal Marafon","02005","100","0","0","TELHA GALVALUME TP 40 0,43MM 5,00M","Estoque","",""
"2026-04-06","Perf. Telha Trapezoidal Marafon","02020","15","0","0","TELHA CUMEEIRA GL TRAP 40 ABAS 300MM","Estoque","",""
"2026-03-26","Perfil ""U"" Marafon","00670K","163","0","0","PERFIL UE 75X40X15X1,95 GALV","Estoque","",""
"2026-03-26","Perfil ""U"" ZL","00656D","104","0","0","PERFIL US 100X50X2,65","Estoque","",""
"2026-03-26","Perfil ""U"" ZL","00655K","105","0","0","PERFIL US 100X40X1,95 GALV","Estoque","",""
"2026-03-27","Perfil ""U"" BR200 Regiane","00652K","111","0","0","PERFIL US 68X30X1,95 GALV","Estoque","",""
"2026-03-27","Perfil ""U"" ZL","00656B","448","0","0","PERFIL US 100X50X2,00","Estoque","",""
"2026-03-31","Perfil ""U"" BR200 Regiane","00650B","413","0","0","PERFIL US 45X17X2,00","Estoque","",""
"2026-03-31","Perfil ""U"" Marafon","00670A","210","0","0","PERFIL UE 75X40X15X1,80","Estoque","",""
"2026-03-30","Perfil ""U"" Marafon","00656B","303","0","0","PERFIL US 100X50X2,00","Estoque","",""
"2026-03-30","Perfil ""U"" ZL","00655C","103","0","0","PERFIL US 100X40X2,25","Estoque","",""
"2026-03-30","Perfil ""U"" ZL","00670K","1017","0","0","PERFIL UE 75X40X15X1,95 GALV","Estoque","",""
"2026-03-30","Perfil ""U"" BR200 Regiane","00650B","92","0","0","PERFIL US 45X17X2,00","Estoque","",""
"2026-03-31","Perfil ""U"" BR200 Regiane","00656K","82","0","0","PERFIL US 100X50X1,95 GALV","Estoque","",""
"2026-03-31","Perfil ""U"" Marafon","00670K","84","0","0","PERFIL UE 75X40X15X1,95 GALV","Estoque","",""
"2026-03-27","Perfil ""U"" ZL","00655K","209","0","0","PERFIL US 100X40X1,95 GALV","Estoque","",""
"2026-03-26","Perfil ""U"" Marafon","00670B","211","0","0","PERFIL UE 75X40X15X2,00","Estoque","",""
"2026-03-26","Perfil ""U"" BR200 Regiane","00652K","161","0","0","PERFIL US 68X30X1,95 GALV","Estoque","",""
"2026-03-25","Perfil ""U"" ZL","00656D","179","0","0","PERFIL US 100X50X2,65","Estoque","",""
"2026-03-25","Perfil ""U"" BR200 Regiane","00652B","324","0","0","PERFIL US 68X30X2,00","Estoque","",""
"2026-03-25","Perfil ""U"" Marafon","00670B","970","0","0","PERFIL UE 75X40X15X2,00","Estoque","",""
"2026-03-25","Perfil ""U"" ZL","00656E","168","0","0","PERFIL US 100X50X3,00","Estoque","",""
"2026-03-25","Perfil ""U"" ZL","00655E","74","0","0","PERFIL US 100X40X3,00","Estoque","",""
"2026-03-24","Perfil ""U"" BR200 Regiane","00652B","343","0","0","PERFIL US 68X30X2,00","Estoque","",""
"2026-03-24","Perfil ""U"" Marafon","00670K","846","0","0","PERFIL UE 75X40X15X1,95 GALV","Estoque","",""
"2026-03-23","Perfil ""U"" Marafon","00670K","894","0","0","PERFIL UE 75X40X15X1,95 GALV","Estoque","",""
"2026-03-19","Perfil ""U"" BR200 Regiane","00670K","261","0","0","PERFIL UE 75X40X15X1,95 GALV","Estoque","",""
"2026-03-23","Perfil ""U"" ZL","00672B","567","0","0","PERFIL UE 100X50X17X2,00","Estoque","",""
"2026-03-18","Perfil ""U"" Marafon","00653B","334","0","0","PERFIL US 75X40X2,00","Estoque","",""
"2026-03-18","Perfil ""U"" Marafon","00672C","206","0","0","PERFIL UE 100X50X17X2,25","Estoque","",""
"2026-03-20","Perfil ""U"" Marafon","00670K","786","0","0","PERFIL UE 75X40X15X1,95 GALV","Estoque","",""
"2026-03-20","Perfil ""U"" ZL","00672K","367","0","0","PERFIL UE 100X50X17X1,95 GALV","Estoque","",""
"2026-03-18","Perfil ""U"" BR200 Regiane","00652K","209","0","0","PERFIL US 68X30X1,95 GALV","Estoque","",""
"2026-03-19","Perfil ""U"" ZL","00672K","445","0","0","PERFIL UE 100X50X17X1,95 GALV","Estoque","",""
"2026-03-17","Perfil ""U"" ZL","00672C","109","0","0","PERFIL UE 100X50X17X2,25","Estoque","",""
"2026-03-17","Perfil ""U"" BR200 Regiane","00654K","77","0","0","PERFIL US 92X30X1,95 GALV","Estoque","",""
"2026-03-17","Perfil ""U"" Marafon","00653B","223","0","0","PERFIL US 75X40X2,00","Estoque","",""
"2026-03-17","Perfil ""U"" Marafon","00653K","418","0","0","PERFIL US 75X40X1,95 GALV","Estoque","",""
"2026-03-17","Perfil ""U"" ZL","00672B","358","0","0","PERFIL UE 100X50X17X2,00","Estoque","",""
"2026-03-19","Perfil ""U"" BR200 Regiane","00652B","221","0","0","PERFIL US 68X30X2,00","Estoque","",""
"2026-03-19","Perfil ""U"" BR200 Regiane","00652K","105","0","0","PERFIL US 68X30X1,95 GALV","Estoque","",""
"2026-04-01","Perfil ""U"" BR200 Regiane","00650B","301","0","0","PERFIL US 45X17X2,00","Estoque","",""
"2026-04-01","Perfil ""U"" ZL","00670A","350","0","0","PERFIL UE 75X40X15X1,80","Estoque","",""
"2026-04-01","Perfil ""U"" ZL","00671K","475","0","0","PERFIL UE 100X40X17X1,95 GALV","Estoque","",""
"2026-04-02","Perfil ""U"" ZL","00670A","121","0","0","PERFIL UE 75X40X15X1,80","Estoque","",""
"2026-04-06","Perfil ""U"" ZL","00671A","224","0","0","PERFIL UE 100X40X17X1,80","Estoque","",""
"2026-04-06","Perfil ""U"" ZL","00671B","113","0","0","PERFIL UE 100X40X17X2,00","Estoque","",""
"2026-04-06","Perfil ""U"" BR200 Regiane","00650A","570","0","0","PERFIL US 45X17X1,80","Estoque","",""
"2026-04-06","Perfil ""U"" Marafon","00670B","347","0","0","PERFIL UE 75X40X15X2,00","Estoque","",""
"2026-04-03","Rodadeira 01","81627","815","0","0","CACAMBA M 40 POP GALV","Estoque","",""
"2026-04-02","Prensa Estampa 09","81667","810","10","0","CACAMBA M 40 CONST GALV","Estoque","",""
"2026-04-02","Prensa Estampa 09","81053","225","0","0","CACAMBA M 40 CONSTRUTOR","Estoque","",""
"2026-04-02","Prensa Recorte 02","81667","1600","0","0","CACAMBA M 40 CONST GALV","Estoque","",""
"2026-04-02","Prensa Recorte 01","81058","510","0","0","CACAMBA M 75 PLUS","Estoque","",""
"2026-04-02","Prensa Recorte 01","81627","400","15","0","CACAMBA M 40 POP GALV","Estoque","",""
"2026-04-02","Prensa Debrum 03","81058","1110","0","0","CACAMBA M 75 PLUS","Estoque","",""
"2026-04-02","Rodadeira 01","81058","50","0","0","CACAMBA M 75 PLUS","Estoque","",""
"2026-04-02","Rodadeira 01","81627","900","0","0","CACAMBA M 40 POP GALV","Estoque","",""
"2026-04-01","Prensa Debrum 03","81667","1005","2","0","CACAMBA M 40 CONST GALV","Estoque","",""
"2026-04-06","Perf. Telha Ondulada V8","02016","70","0","0","TELHA GALVALUME OND 17 0,43MM 6,00M","Estoque","",""
"2026-04-06","Perf. Telha Ondulada V8","02000","20","0","0","TELHA GALVALUME TP 40 0,43MM","Estoque","",""
"2026-04-07","Perf. Telha Ondulada V8","02016","500","0","0","TELHA GALVALUME OND 17 0,43MM 6,00M","Estoque","",""
"2026-04-07","Perf. Telha Ondulada V8","02017","100","0","0","TELHA GALVALUME OND 17 0,43MM 7,00M","Estoque","",""
"2026-04-07","Perf. Telha Ondulada V8","02013","100","0","0","TELHA GALVALUME OND 17 0,43MM 3,00M","Estoque","",""
"2026-04-07","Perf. Telha Trapezoidal Marafon","02007","100","0","0","TELHA GALVALUME TP 40 0,43MM 7,00M","Estoque","",""
"2026-04-07","Perf. Telha Trapezoidal Marafon","02003","218","0","0","TELHA GALVALUME TP 40 0,43MM 3,00M","Estoque","",""
"2026-04-07","Perf. Telha Trapezoidal Marafon","02000","72","0","0","TELHA GALVALUME TP 40 0,43MM","Estoque","",""
"2026-04-07","Perf. Telha Trapezoidal Marafon","02020","18","0","0","TELHA CUMEEIRA GL TRAP 40 ABAS 300MM","Estoque","",""
"2026-04-07","Perf. Telha Trapezoidal Marafon","02007","25","0","0","TELHA GALVALUME TP 40 0,43MM 7,00M","Estoque","",""
"2026-04-07","Perf. Telha Trapezoidal Marafon","02006","110","0","0","TELHA GALVALUME TP 40 0,43MM 6,00M","Estoque","",""
"2026-04-07","Perfil ""U"" ZL","00671B","209","0","0","PERFIL UE 100X40X17X2,00","Estoque","",""
"2026-04-07","Perfil ""U"" ZL","00653K","108","0","0","PERFIL US 75X40X1,95 GALV","Estoque","",""
"2026-04-07","Perfil ""U"" ZL","00653A","116","0","0","PERFIL US 75X40X1,80","Estoque","",""
"2026-04-07","Perfil ""U"" BR200 Regiane","00650A","104","0","0","PERFIL US 45X17X1,80","Estoque","",""
"2026-04-08","Perf. Telha Ondulada V8","02013","100","0","0","TELHA GALVALUME OND 17 0,43MM 3,00M","Estoque","",""
"2026-04-08","Perf. Telha Ondulada V8","02015","207","0","0","TELHA GALVALUME OND 17 0,43MM 5,00M","Estoque","",""
"2026-04-08","Perf. Telha Ondulada V8","02016","19","0","0","TELHA GALVALUME OND 17 0,43MM 6,00M","Estoque","",""
"2026-04-08","Perf. Telha Ondulada V8","02000","29","0","0","TELHA GALVALUME TP 40 0,43MM","Estoque","",""
"2026-04-08","Perf. Telha Trapezoidal Marafon","02000","166","0","0","TELHA GALVALUME TP 40 0,43MM","Estoque","",""
"2026-04-08","Perf. Telha Trapezoidal Marafon","02007","70","0","0","TELHA GALVALUME TP 40 0,43MM 7,00M","Estoque","",""
"2026-04-08","Perf. Telha Trapezoidal Marafon","02006","236","0","0","TELHA GALVALUME TP 40 0,43MM 6,00M","Estoque","",""
"2026-04-08","Perf. Telha Trapezoidal Marafon","02005","200","0","0","TELHA GALVALUME TP 40 0,43MM 5,00M","Estoque","",""
"2026-04-08","Perf. Telha Trapezoidal Marafon","02020","15","0","0","TELHA CUMEEIRA GL TRAP 40 ABAS 300MM","Estoque","",""
"2026-04-06","Prensa Estampa 09","81053","1051","17","0","CACAMBA M 40 CONSTRUTOR","Estoque","",""
"2026-04-07","Prensa Estampa 09","81667","516","16","0","CACAMBA M 40 CONST GALV","Estoque","",""
"2026-04-07","Rodadeira 03","81667","1000","0","0","CACAMBA M 40 CONST GALV","Estoque","",""
"2026-04-07","Prensa Debrum 03","81627","140","0","0","CACAMBA M 40 POP GALV","Estoque","",""
"2026-04-07","Prensa Debrum 03","81055","330","0","0","CACAMBA M 60 SUPER","Estoque","",""
"2026-04-07","Prensa Recorte 02","81053","1150","0","0","CACAMBA M 40 CONSTRUTOR","Estoque","",""
"2026-04-06","Prensa Estampa 09","81053","1051","17","0","CACAMBA M 40 CONSTRUTOR","Estoque","",""
"2026-04-07","Rodadeira 02","81055","400","0","0","CACAMBA M 60 SUPER","Estoque","",""
"2026-04-08","Rodadeira 01","81627","591","0","0","CACAMBA M 40 POP GALV","Estoque","",""
"2026-04-08","Rodadeira 01","81627","61","0","0","CACAMBA M 40 POP GALV","Estoque","",""
"2026-04-08","Rodadeira 01","81626","1250","0","0","CACAMBA M 40 POP","Estoque","",""
"2026-04-08","Prensa Recorte 02","81053","1001","0","0","CACAMBA M 40 CONSTRUTOR","Estoque","",""
"2026-04-08","Rodadeira 03","81053","1000","2","0","CACAMBA M 40 CONSTRUTOR","Estoque","",""
"2026-04-08","Rodadeira 02","81055","100","0","0","CACAMBA M 60 SUPER","Estoque","",""
"2026-04-08","Rodadeira 03","81055","900","0","0","CACAMBA M 60 SUPER","Estoque","",""
"2026-04-08","Prensa Debrum 03","81055","1004","0","0","CACAMBA M 60 SUPER","Estoque","",""
"2026-04-09","Perf. Telha Trapezoidal Marafon","02006","500","0","0","TELHA GALVALUME TP 40 0,43MM 6,00M","Estoque","",""
"2026-04-09","Perf. Telha Trapezoidal Marafon","02008","100","0","0","TELHA GALVALUME TP 40 0,43MM 8,00M","Estoque","",""
"2026-04-09","Perf. Telha Trapezoidal Marafon","02007","200","0","0","TELHA GALVALUME TP 40 0,43MM 7,00M","Estoque","",""
"2026-04-08","Perfil ""U"" Marafon","00653A","564","0","0","PERFIL US 75X40X1,80","Estoque","",""
"2026-04-08","Perfil ""U"" Marafon","00653K","82","0","0","PERFIL US 75X40X1,95 GALV","Estoque","",""
"2026-04-08","Perfil ""U"" BR200 Regiane","00651B","111","0","0","PERFIL US 50X25X2,00","Estoque","",""
"2026-04-09","Perfil ""U"" BR200 Regiane","00651B","112","0","0","PERFIL US 50X25X2,00","Estoque","",""
"2026-04-08","Prensa Estampa 09","81667","1020","20","0","CACAMBA M 40 CONST GALV","Estoque","",""
"2026-04-09","Rodadeira 03","81053","672","0","0","CACAMBA M 40 CONSTRUTOR","Estoque","",""
"2026-04-09","Rodadeira 03","81667","230","0","0","CACAMBA M 40 CONST GALV","Estoque","",""
"2026-04-09","Rodadeira 02","81055","449","0","0","CACAMBA M 60 SUPER","Estoque","",""
"2026-04-09","Prensa Recorte 02","81053","424","0","0","CACAMBA M 40 CONSTRUTOR","Estoque","",""
"2026-04-09","Prensa Recorte 02","81667","1500","0","0","CACAMBA M 40 CONST GALV","Estoque","",""
"2026-04-09","Rodadeira 02","81626","1322","3","0","CACAMBA M 40 POP","Estoque","",""
"2026-04-09","Perfil ""U"" ZL","00671D","174","0","0","PERFIL UE 100X40X17X2,65","Estoque","",""
"2026-04-09","Perfil ""U"" BR200 Regiane","00651B","224","0","0","PERFIL US 50X25X2,00","Estoque","",""
"2026-04-10","Perf. Telha Trapezoidal Marafon","02003","218","0","0","TELHA GALVALUME TP 40 0,43MM 3,00M","Estoque","",""
"2026-04-10","Perf. Telha Trapezoidal Marafon","02004","403","0","0","TELHA GALVALUME TP 40 0,43MM 4,00M","Estoque","",""
"2026-04-10","Perf. Telha Trapezoidal Marafon","02005","100","0","0","TELHA GALVALUME TP 40 0,43MM 5,00M","Estoque","",""
"2026-04-10","Perf. Telha Trapezoidal Marafon","02007","109","0","0","TELHA GALVALUME TP 40 0,43MM 7,00M","Estoque","",""
"2026-04-10","Perf. Telha Trapezoidal Marafon","02000","22","0","0","TELHA GALVALUME TP 40 0,43MM","Estoque","",""
"2026-04-10","Perfil ""U"" BR200 Regiane","00651B","327","0","0","PERFIL US 50X25X2,00","Estoque","",""
"2026-04-10","Perfil ""U"" Marafon","00653B","459","0","0","PERFIL US 75X40X2,00","Estoque","",""
"2026-04-10","Perfil ""U"" Marafon","00653C","205","0","0","PERFIL US 75X40X2,25","Estoque","",""
"2026-04-09","Perfil ""U"" Marafon","00653B","584","0","0","PERFIL US 75X40X2,00","Estoque","",""
"2026-04-09","Prensa Debrum 03","81627","1000","0","0","CACAMBA M 40 POP GALV","Estoque","",""
"2026-04-10","Prensa Debrum 03","81627","1250","0","0","CACAMBA M 40 POP GALV","Estoque","",""
"2026-04-10","Prensa Debrum 03","81823","640","0","0","CACAMBA M 50 5.0","Estoque","",""
"2026-04-10","Prensa Debrum 03","81626","810","0","0","CACAMBA M 40 POP","Estoque","",""
"2026-04-10","Prensa Recorte 02","81626","805","0","0","CACAMBA M 40 POP","Estoque","",""
"2026-04-10","Rodadeira 03","81667","1150","2","0","CACAMBA M 40 CONST GALV","Estoque","",""
"2026-04-10","Rodadeira 01","81823","200","0","0","CACAMBA M 50 5.0","Estoque","",""
"2026-04-10","Rodadeira 01","81626","415","0","0","CACAMBA M 40 POP","Estoque","",""
"2026-04-10","Prensa Estampa 09","81667","1073","20","0","CACAMBA M 40 CONST GALV","Estoque","",""
"2026-04-14","Perf. Telha Ondulada V8","02000","12","0","0","TELHA GALVALUME TP 40 0,43MM","Estoque","",""
"2026-04-14","Perf. Telha Ondulada V8","02000","50","0","0","TELHA GALVALUME TP 40 0,43MM","Estoque","",""
"2026-04-14","Perf. Telha Trapezoidal Marafon","02006","200","0","0","TELHA GALVALUME TP 40 0,43MM 6,00M","Estoque","",""
"2026-04-14","Perf. Telha Trapezoidal Marafon","02004","109","0","0","TELHA GALVALUME TP 40 0,43MM 4,00M","Estoque","",""
"2026-04-14","Perf. Telha Trapezoidal Marafon","02000","219","0","0","TELHA GALVALUME TP 40 0,43MM","Estoque","",""
"2026-04-14","Perf. Telha Trapezoidal Marafon","02005","211","0","0","TELHA GALVALUME TP 40 0,43MM 5,00M","Estoque","",""
"2026-04-14","Perf. Telha Trapezoidal Marafon","02003","100","0","0","TELHA GALVALUME TP 40 0,43MM 3,00M","Estoque","",""
"2026-04-14","Perfil ""U"" Marafon","00653C","416","0","0","PERFIL US 75X40X2,25","Estoque","",""
"2026-04-14","Perfil ""U"" Marafon","00653K","227","0","0","PERFIL US 75X40X1,95 GALV","Estoque","",""
"2026-04-14","Perfil ""U"" BR200 Regiane","00651B","334","0","0","PERFIL US 50X25X2,00","Estoque","",""
"2026-04-15","Perf. Telha Trapezoidal Marafon","02000","117","0","0","TELHA GALVALUME TP 40 0,43MM","Estoque","",""
"2026-04-15","Perf. Telha Trapezoidal Marafon","02005","24","0","0","TELHA GALVALUME TP 40 0,43MM 5,00M","Estoque","",""
"2026-04-15","Perf. Telha Trapezoidal Marafon","02003","100","0","0","TELHA GALVALUME TP 40 0,43MM 3,00M","Estoque","",""
"2026-04-15","Perf. Telha Trapezoidal Marafon","02008","100","0","0","TELHA GALVALUME TP 40 0,43MM 8,00M","Estoque","",""
"2026-04-15","Perf. Telha Trapezoidal Marafon","02000","100","0","0","TELHA GALVALUME TP 40 0,43MM","Estoque","",""
"2026-04-15","Perf. Telha Trapezoidal Marafon","02004","100","0","0","TELHA GALVALUME TP 40 0,43MM 4,00M","Estoque","",""
"2026-04-15","Perf. Telha Trapezoidal Marafon","02006","100","0","0","TELHA GALVALUME TP 40 0,43MM 6,00M","Estoque","",""
"2026-04-15","Perf. Telha Ondulada V8","02000","48","0","0","TELHA GALVALUME TP 40 0,43MM","Estoque","",""
"2026-04-15","Perf. Telha Ondulada V8","02016","200","0","0","TELHA GALVALUME OND 17 0,43MM 6,00M","Estoque","",""
"2026-04-10","Prensa Recorte 01","81823","202","0","0","CACAMBA M 50 5.0","Estoque","",""
"2026-04-10","Prensa Recorte 01","81626","1010","0","0","CACAMBA M 40 POP","Estoque","",""
"2026-04-10","Prensa Recorte 02","81667","1501","0","0","CACAMBA M 40 CONST GALV","Estoque","",""
"2026-04-15","Perfil ""U"" BR200 Regiane","00651B","434","0","0","PERFIL US 50X25X2,00","Estoque","",""
"2026-04-15","Perfil ""U"" Marafon","00653K","342","0","0","PERFIL US 75X40X1,95 GALV","Estoque","",""
"2026-04-15","Perfil ""U"" ZL","00671E","148","0","0","PERFIL UE 100X40X17X3,00","Estoque","",""
"2026-04-14","Prensa Estampa 09","81667","881","15","0","CACAMBA M 40 CONST GALV","Estoque","",""
"2026-04-14","Rodadeira 01","81627","800","0","0","CACAMBA M 40 POP GALV","Estoque","",""
"2026-04-14","Prensa Recorte 02","81667","1200","0","0","CACAMBA M 40 CONST GALV","Estoque","",""
"2026-04-14","Prensa Recorte 02","81054","450","0","0","CACAMBA M 75 MASTER","Estoque","",""
"2026-04-14","Prensa Recorte 01","81054","450","0","0","CACAMBA M 75 MASTER","Estoque","",""
"2026-04-14","Prensa Recorte 01","81626","616","0","0","CACAMBA M 40 POP","Estoque","",""
"2026-04-14","Prensa Recorte 01","81627","263","0","0","CACAMBA M 40 POP GALV","Estoque","",""
"2026-04-14","Rodadeira 02","81627","150","0","0","CACAMBA M 40 POP GALV","Estoque","",""
"2026-04-14","Rodadeira 02","81626","400","0","0","CACAMBA M 40 POP","Estoque","",""
"2026-04-14","Rodadeira 02","81054","191","0","0","CACAMBA M 75 MASTER","Estoque","",""
"2026-04-14","Rodadeira 01","81054","150","0","0","CACAMBA M 75 MASTER","Estoque","",""
"2026-04-14","Rodadeira 01","81626","306","0","0","CACAMBA M 40 POP","Estoque","",""
"2026-04-14","Rodadeira 01","81627","133","0","0","CACAMBA M 40 POP GALV","Estoque","",""
"2026-04-14","Rodadeira 02","81627","253","0","0","CACAMBA M 40 POP GALV","Estoque","",""
"2026-04-14","Rodadeira 02","81626","792","0","0","CACAMBA M 40 POP","Estoque","",""
"2026-04-14","Rodadeira 02","81054","20","0","0","CACAMBA M 75 MASTER","Estoque","",""
"2026-04-16","Perf. Telha Trapezoidal Marafon","02007","300","0","0","TELHA GALVALUME TP 40 0,43MM 7,00M","Estoque","",""
"2026-04-16","Perf. Telha Trapezoidal Marafon","02000","272","0","0","TELHA GALVALUME TP 40 0,43MM","Estoque","",""
"2026-04-16","Perf. Telha Trapezoidal Marafon","02020","68","0","0","TELHA CUMEEIRA GL TRAP 40 ABAS 300MM","Estoque","",""
"2026-04-16","Perf. Telha Trapezoidal Marafon","02000","58","0","0","TELHA GALVALUME TP 40 0,43MM","Estoque","",""
"2026-04-15","Rodadeira 02","81054","600","0","0","CACAMBA M 75 MASTER","Estoque","",""
"2026-04-15","Rodadeira 01","81627","950","0","0","CACAMBA M 40 POP GALV","Estoque","",""
"2026-04-15","Prensa Recorte 02","81054","730","0","0","CACAMBA M 75 MASTER","Estoque","",""
"2026-04-15","Prensa Recorte 02","81667","560","0","0","CACAMBA M 40 CONST GALV","Estoque","",""
"2026-04-15","Rodadeira 02","81667","1033","1","0","CACAMBA M 40 CONST GALV","Estoque","",""
"2026-04-16","Perfil ""U"" BR200 Regiane","00651B","304","0","0","PERFIL US 50X25X2,00","Estoque","",""
"2026-04-17","Perf. Telha Ondulada V8","02016","22","0","0","TELHA GALVALUME OND 17 0,43MM 6,00M","Estoque","",""
"2026-04-17","Perf. Telha Ondulada V8","02015","3","0","0","TELHA GALVALUME OND 17 0,43MM 5,00M","Estoque","",""
"2026-04-17","Perf. Telha Ondulada V8","02013","17","0","0","TELHA GALVALUME OND 17 0,43MM 3,00M","Estoque","",""
"2026-04-17","Perf. Telha Ondulada V8","02000","246","0","0","TELHA GALVALUME TP 40 0,43MM","Estoque","",""
"2026-04-17","Perf. Telha Ondulada V8","02007","6","0","0","TELHA GALVALUME TP 40 0,43MM 7,00M","Estoque","",""
"2026-04-17","Perf. Telha Ondulada V8","02005","30","0","0","TELHA GALVALUME TP 40 0,43MM 5,00M","Estoque","",""
"2026-04-17","Perf. Telha Ondulada V8","02004","53","0","0","TELHA GALVALUME TP 40 0,43MM 4,00M","Estoque","",""
"2026-04-17","Perf. Telha Ondulada V8","02006","122","0","0","TELHA GALVALUME TP 40 0,43MM 6,00M","Estoque","",""
"2026-04-17","Perf. Telha Ondulada V8","02005","200","0","0","TELHA GALVALUME TP 40 0,43MM 5,00M","Estoque","",""
"2026-04-16","Prensa Debrum 03","81054","189","0","0","CACAMBA M 75 MASTER","Estoque","",""
"2026-04-16","Prensa Debrum 03","81058","880","0","0","CACAMBA M 75 PLUS","Estoque","",""
"2026-04-16","Rodadeira 01","81053","500","0","0","CACAMBA M 40 CONSTRUTOR","Estoque","",""
"2026-04-16","Prensa Estampa 09","81667","1134","20","0","CACAMBA M 40 CONST GALV","Estoque","",""
"2026-04-15","Prensa Estampa 09","81667","90","2","0","CACAMBA M 40 CONST GALV","Estoque","",""
"2026-04-15","Prensa Estampa 09","81667","755","55","0","CACAMBA M 40 CONST GALV","Estoque","",""
"2026-04-16","Rodadeira 03","81667","1110","2","0","CACAMBA M 40 CONST GALV","Estoque","",""
"2026-04-16","Rodadeira 03","81627","1225","0","0","CACAMBA M 40 POP GALV","Estoque","",""
"2026-04-16","Rodadeira 03","81667","111","0","0","CACAMBA M 40 CONST GALV","Estoque","",""
"2026-04-16","Rodadeira 03","81667","1730","0","0","CACAMBA M 40 CONST GALV","Estoque","",""
"2026-04-17","Perfil ""U"" BR200 Regiane","00651B","195","0","0","PERFIL US 50X25X2,00","Estoque","",""
"2026-04-17","Perfil ""U"" BR200 Regiane","00672D","234","0","0","PERFIL UE 100X50X17X2,65","Estoque","",""
"2026-04-21","Perf. Telha Trapezoidal Marafon","02006","355","0","0","TELHA GALVALUME TP 40 0,43MM 6,00M","Estoque","",""
"2026-04-21","Perf. Telha Trapezoidal Marafon","02004","405","0","0","TELHA GALVALUME TP 40 0,43MM 4,00M","Estoque","",""
"2026-04-21","Perf. Telha Trapezoidal Marafon","02005","215","0","0","TELHA GALVALUME TP 40 0,43MM 5,00M","Estoque","",""
"2026-04-21","Perf. Telha Trapezoidal Marafon","02000","73","0","0","TELHA GALVALUME TP 40 0,43MM","Estoque","",""
"2026-04-21","Perf. Telha Trapezoidal Marafon","02007","1","0","0","TELHA GALVALUME TP 40 0,43MM 7,00M","Estoque","",""
"2026-04-21","Perf. Telha Trapezoidal Marafon","02004","10","0","0","TELHA GALVALUME TP 40 0,43MM 4,00M","Estoque","",""
"2026-04-21","Perf. Telha Trapezoidal Marafon","02003","2","0","0","TELHA GALVALUME TP 40 0,43MM 3,00M","Estoque","",""
"2026-04-21","Perf. Telha Ondulada V8","02016","148","0","0","TELHA GALVALUME OND 17 0,43MM 6,00M","Estoque","",""
"2026-04-21","Perf. Telha Ondulada V8","02013","24","0","0","TELHA GALVALUME OND 17 0,43MM 3,00M","Estoque","",""
"2026-04-21","Perf. Telha Ondulada V8","02000","22","0","0","TELHA GALVALUME TP 40 0,43MM","Estoque","",""
"2026-04-21","Perfil ""U"" BR200 Regiane","00651A","338","0","0","PERFIL US 50X25X1,80","Estoque","",""
"2026-04-22","Perfil ""U"" ZL","00672E","144","0","0","PERFIL UE 100X50X17X3,00","Estoque","",""
"2026-04-21","Rodadeira 03","81053","415","2","0","CACAMBA M 40 CONSTRUTOR","Estoque","",""
"2026-04-21","Rodadeira 03","81667","600","0","0","CACAMBA M 40 CONST GALV","Estoque","",""
"2026-04-21","Prensa Estampa 09","81667","342","7","0","CACAMBA M 40 CONST GALV","Estoque","",""
"2026-04-21","Rodadeira 02","81058","240","0","0","CACAMBA M 75 PLUS","Estoque","",""
"2026-04-21","Rodadeira 02","81626","510","0","0","CACAMBA M 40 POP","Estoque","",""
"2026-04-21","Rodadeira 01","81667","1177","0","0","CACAMBA M 40 CONST GALV","Estoque","",""
"2026-04-21","Rodadeira 01","81053","200","0","0","CACAMBA M 40 CONSTRUTOR","Estoque","",""
"2026-04-21","Prensa Debrum 03","81058","832","0","0","CACAMBA M 75 PLUS","Estoque","",""
"2026-04-21","Prensa Debrum 03","81823","690","0","0","CACAMBA M 50 5.0","Estoque","",""
"2026-04-21","Rodadeira 01","81058","260","0","0","CACAMBA M 75 PLUS","Estoque","",""
"2026-04-21","Rodadeira 01","81823","250","0","0","CACAMBA M 50 5.0","Estoque","",""
"2026-04-21","Prensa Recorte 01","81058","250","0","0","CACAMBA M 75 PLUS","Estoque","",""
"2026-04-21","Prensa Recorte 01","81058","69","0","0","CACAMBA M 75 PLUS","Estoque","",""
"2026-04-21","Prensa Recorte 02","81053","317","0","0","CACAMBA M 40 CONSTRUTOR","Estoque","",""
"2026-04-21","Prensa Recorte 02","81667","1100","0","0","CACAMBA M 40 CONST GALV","Estoque","",""
"2026-04-22","Perf. Telha Ondulada V8","02015","100","0","0","TELHA GALVALUME OND 17 0,43MM 5,00M","Estoque","",""
"2026-04-22","Perf. Telha Ondulada V8","02014","100","0","0","TELHA GALVALUME OND 17 0,43MM 4,00M","Estoque","",""
"2026-04-22","Perf. Telha Ondulada V8","02000","23","0","0","TELHA GALVALUME TP 40 0,43MM","Estoque","",""
"2026-04-22","Perf. Telha Trapezoidal Marafon","02020","100","0","0","TELHA CUMEEIRA GL TRAP 40 ABAS 300MM","Estoque","",""
"2026-04-22","Perf. Telha Trapezoidal Marafon","02004","141","0","0","TELHA GALVALUME TP 40 0,43MM 4,00M","Estoque","",""
"2026-04-22","Perf. Telha Trapezoidal Marafon","02005","100","0","0","TELHA GALVALUME TP 40 0,43MM 5,00M","Estoque","",""
"2026-04-22","Perf. Telha Trapezoidal Marafon","02006","105","0","0","TELHA GALVALUME TP 40 0,43MM 6,00M","Estoque","",""
"2026-04-22","Perf. Telha Trapezoidal Marafon","02008","20","0","0","TELHA GALVALUME TP 40 0,43MM 8,00M","Estoque","",""
"2026-04-22","Perf. Telha Trapezoidal Marafon","02007","5","0","0","TELHA GALVALUME TP 40 0,43MM 7,00M","Estoque","",""
"2026-04-22","Perf. Telha Trapezoidal Marafon","02000","31","0","0","TELHA GALVALUME TP 40 0,43MM","Estoque","",""
"2026-04-22","Perf. Telha Trapezoidal Marafon","02005","100","0","0","TELHA GALVALUME TP 40 0,43MM 5,00M","Estoque","",""
"2026-04-22","Perfil ""U"" BR200 Regiane","00651A","339","0","0","PERFIL US 50X25X1,80","Estoque","",""
"2026-04-22","Perfil ""U"" Marafon","00678D","76","0","0","PERFIL UE 200X75X25X2,65","Estoque","",""
"2026-04-22","Perfil ""U"" Marafon","00678K","109","0","0","PERFIL UE 200X75X25X1,95 GALV","Estoque","",""
"2026-04-17","Prensa Estampa 09","81667","960","30","0","CACAMBA M 40 CONST GALV","Estoque","",""
"2026-04-17","Rodadeira 01","81667","1450","0","0","CACAMBA M 40 CONST GALV","Estoque","",""
"2026-04-17","Rodadeira 01","81058","568","0","0","CACAMBA M 75 PLUS","Estoque","",""
"2026-04-17","Rodadeira 03","81667","1000","0","0","CACAMBA M 40 CONST GALV","Estoque","",""
"2026-04-18","Rodadeira 03","81667","1000","0","0","CACAMBA M 40 CONST GALV","Estoque","",""
"2026-04-20","Rodadeira 03","81053","100","0","0","CACAMBA M 40 CONSTRUTOR","Estoque","",""
"2026-04-20","Rodadeira 03","81667","400","0","0","CACAMBA M 40 CONST GALV","Estoque","",""
"2026-04-20","Prensa Recorte 01","81053","200","0","0","CACAMBA M 40 CONSTRUTOR","Estoque","",""
"2026-04-20","Prensa Recorte 01","81058","172","0","0","CACAMBA M 75 PLUS","Estoque","",""
"2026-04-22","Rodadeira 01","81823","590","0","0","CACAMBA M 50 5.0","Estoque","",""
"2026-04-22","Rodadeira 02","81823","1022","0","0","CACAMBA M 50 5.0","Estoque","",""
"2026-04-22","Prensa Debrum 03","81823","1066","0","0","CACAMBA M 50 5.0","Estoque","",""
"2026-04-22","Prensa Debrum 03","81667","600","0","0","CACAMBA M 40 CONST GALV","Estoque","",""
"2026-04-22","Prensa Recorte 01","81823","1320","0","0","CACAMBA M 50 5.0","Estoque","",""
"2026-04-22","Rodadeira 01","81667","1248","0","0","CACAMBA M 40 CONST GALV","Estoque","",""
"2026-04-22","Rodadeira 01","81053","313","0","0","CACAMBA M 40 CONSTRUTOR","Estoque","",""
"2026-04-23","Perfil ""U"" ZL","00676K","188","0","0","PERFIL UE 150X60X20X1,95 GALV","Estoque","",""
"2026-04-23","Perfil ""U"" ZL","00676B","115","0","0","PERFIL UE 150X60X20X2,00","Estoque","",""
"2026-04-23","Perf. Telha Trapezoidal Marafon","02006","227","0","0","TELHA GALVALUME TP 40 0,43MM 6,00M","Estoque","",""
"2026-04-23","Perf. Telha Trapezoidal Marafon","02005","15","0","0","TELHA GALVALUME TP 40 0,43MM 5,00M","Estoque","",""
"2026-04-23","Perf. Telha Trapezoidal Marafon","02000","146","0","0","TELHA GALVALUME TP 40 0,43MM","Estoque","",""
"2026-04-23","Perf. Telha Trapezoidal Marafon","02003","100","0","0","TELHA GALVALUME TP 40 0,43MM 3,00M","Estoque","",""
"2026-04-23","Perf. Telha Trapezoidal Marafon","02005","100","0","0","TELHA GALVALUME TP 40 0,43MM 5,00M","Estoque","",""
"2026-04-23","Perf. Telha Trapezoidal Marafon","02005","100","0","0","TELHA GALVALUME TP 40 0,43MM 5,00M","Estoque","",""
"2026-04-23","Perf. Telha Trapezoidal Marafon","02007","42","0","0","TELHA GALVALUME TP 40 0,43MM 7,00M","Estoque","",""
"2026-04-23","Perf. Telha Trapezoidal Marafon","02003","6","0","0","TELHA GALVALUME TP 40 0,43MM 3,00M","Estoque","",""
"2026-04-23","Perf. Telha Trapezoidal Marafon","02000","17","0","0","TELHA GALVALUME TP 40 0,43MM","Estoque","",""
"2026-04-22","Prensa Estampa 09","81667","1090","12","0","CACAMBA M 40 CONST GALV","Estoque","",""
"2026-04-23","Prensa Estampa 09","81667","693","80","0","CACAMBA M 40 CONST GALV","Estoque","",""
"2026-04-23","Prensa Estampa 09","81053","20","1","0","CACAMBA M 40 CONSTRUTOR","Estoque","",""
"2026-04-23","Prensa Recorte 01","81667","1300","0","0","CACAMBA M 40 CONST GALV","Estoque","",""
"2026-04-23","Rodadeira 02","81667","75","0","0","CACAMBA M 40 CONST GALV","Estoque","",""
"2026-04-23","Rodadeira 02","81823","191","0","0","CACAMBA M 50 5.0","Estoque","",""
"2026-04-23","Rodadeira 02","81055","191","0","0","CACAMBA M 60 SUPER","Estoque","",""
"2026-04-23","Rodadeira 02","81055","486","0","0","CACAMBA M 60 SUPER","Estoque","",""
"2026-04-23","Prensa Debrum 03","81823","266","0","0","CACAMBA M 50 5.0","Estoque","",""
"2026-04-23","Prensa Debrum 03","81055","940","0","0","CACAMBA M 60 SUPER","Estoque","",""
"2026-04-23","Rodadeira 01","81667","650","2","0","CACAMBA M 40 CONST GALV","Estoque","",""
"2026-04-23","Rodadeira 01","81667","702","0","0","CACAMBA M 40 CONST GALV","Estoque","",""
"2026-04-23","Prensa Recorte 01","81823","186","0","0","CACAMBA M 50 5.0","Estoque","",""
"2026-04-23","Prensa Recorte 01","81055","1214","0","0","CACAMBA M 60 SUPER","Estoque","",""
"2026-04-23","Rodadeira 01","81823","154","3","0","CACAMBA M 50 5.0","Estoque","",""
"2026-04-23","Rodadeira 01","81055","270","0","0","CACAMBA M 60 SUPER","Estoque","",""
"2026-04-23","Rodadeira 01","81055","200","0","0","CACAMBA M 60 SUPER","Estoque","",""
"2026-04-23","Rodadeira 03","81667","811","0","0","CACAMBA M 40 CONST GALV","Estoque","",""
"2023-04-23","Perfil ""U"" Marafon","00678B","215","0","0","PERFIL UE 200X75X25X2,00","Estoque","",""
"2023-04-23","Perfil ""U"" BR200 Regiane","00651K","228","0","0","PERFIL US 50X25X1,95 GALV","Estoque","",""
"2023-04-24","Perf. Telha Trapezoidal Marafon","02007","200","0","0","TELHA GALVALUME TP 40 0,43MM 7,00M","Estoque","",""
"2023-04-24","Perf. Telha Ondulada V8","02017","100","0","0","TELHA GALVALUME OND 17 0,43MM 7,00M","Estoque","",""
"2023-04-25","Perf. Telha Trapezoidal Marafon","02006","153","0","0","TELHA GALVALUME TP 40 0,43MM 6,00M","Estoque","",""
"2023-04-25","Perf. Telha Trapezoidal Marafon","02005","48","0","0","TELHA GALVALUME TP 40 0,43MM 5,00M","Estoque","",""
"2023-04-25","Perf. Telha Trapezoidal Marafon","02004","63","0","0","TELHA GALVALUME TP 40 0,43MM 4,00M","Estoque","",""
"2023-04-25","Perf. Telha Trapezoidal Marafon","02003","5","0","0","TELHA GALVALUME TP 40 0,43MM 3,00M","Estoque","",""
"2023-04-25","Perf. Telha Trapezoidal Marafon","02000","114","0","0","TELHA GALVALUME TP 40 0,43MM","Estoque","",""
"2023-04-25","Perf. Telha Trapezoidal Marafon","02004","32","0","0","TELHA GALVALUME TP 40 0,43MM 4,00M","Estoque","",""
"2023-04-25","Perf. Telha Ondulada V8","02016","112","0","0","TELHA GALVALUME OND 17 0,43MM 6,00M","Estoque","",""
"2023-04-25","Perf. Telha Ondulada V8","02014","10","0","0","TELHA GALVALUME OND 17 0,43MM 4,00M","Estoque","",""
"2023-04-25","Perf. Telha Ondulada V8","02000","22","0","0","TELHA GALVALUME TP 40 0,43MM","Estoque","",""
"2023-04-25","Perf. Telha Ondulada V8","02003","100","0","0","TELHA GALVALUME TP 40 0,43MM 3,00M","Estoque","",""
"2023-04-25","Perf. Telha Ondulada V8","02007","113","0","0","TELHA GALVALUME TP 40 0,43MM 7,00M","Estoque","",""
"2023-04-24","Perf. Telha Trapezoidal Marafon","02006","100","0","0","TELHA GALVALUME TP 40 0,43MM 6,00M","Estoque","",""
"2026-04-24","Prensa Estampa 09","81053","1124","24","0","CACAMBA M 40 CONSTRUTOR","Estoque","",""
"2026-04-24","Prensa Recorte 01","81627","543","3","0","CACAMBA M 40 POP GALV","Estoque","",""
"2026-04-24","Prensa Recorte 01","81626","600","0","0","CACAMBA M 40 POP","Estoque","",""
"2026-04-24","Prensa Debrum 03","81055","1600","0","0","CACAMBA M 60 SUPER","Estoque","",""
"2026-04-24","Rodadeira 01","81667","1122","2","0","CACAMBA M 40 CONST GALV","Estoque","",""
"2026-04-24","Rodadeira 03","81667","812","0","0","CACAMBA M 40 CONST GALV","Estoque","",""
"2026-04-24","Prensa Recorte 01","81055","1592","0","0","CACAMBA M 60 SUPER","Estoque","",""
"2026-04-24","Prensa Recorte 01","81627","25","8","0","CACAMBA M 40 POP GALV","Estoque","",""
"2026-04-24","Rodadeira 02","81055","953","2","0","CACAMBA M 60 SUPER","Estoque","",""
"2026-04-27","Perf. Telha Trapezoidal Marafon","02020","100","0","0","TELHA CUMEEIRA GL TRAP 40 ABAS 300MM","Estoque","",""
"2026-04-27","Perf. Telha Trapezoidal Marafon","02000","183","0","0","TELHA GALVALUME TP 40 0,43MM","Estoque","",""
"2026-04-27","Perf. Telha Trapezoidal Marafon","02005","12","0","0","TELHA GALVALUME TP 40 0,43MM 5,00M","Estoque","",""
"2026-04-27","Perf. Telha Trapezoidal Marafon","02003","15","0","0","TELHA GALVALUME TP 40 0,43MM 3,00M","Estoque","",""
"2026-04-27","Perf. Telha Trapezoidal Marafon","02006","11","0","0","TELHA GALVALUME TP 40 0,43MM 6,00M","Estoque","",""
"2026-04-27","Perf. Telha Trapezoidal Marafon","02005","6","0","0","TELHA GALVALUME TP 40 0,43MM 5,00M","Estoque","",""
"2026-04-27","Perf. Telha Trapezoidal Marafon","02004","50","0","0","TELHA GALVALUME TP 40 0,43MM 4,00M","Estoque","",""
"2026-04-27","Perf. Telha Trapezoidal Marafon","02020","16","0","0","TELHA CUMEEIRA GL TRAP 40 ABAS 300MM","Estoque","",""
"2026-04-27","Perf. Telha Trapezoidal Marafon","02007","2","0","0","TELHA GALVALUME TP 40 0,43MM 7,00M","Estoque","",""
"2026-04-27","Perf. Telha Trapezoidal Marafon","02006","30","0","0","TELHA GALVALUME TP 40 0,43MM 6,00M","Estoque","",""
"2026-04-27","Perf. Telha Trapezoidal Marafon","02004","101","0","0","TELHA GALVALUME TP 40 0,43MM 4,00M","Estoque","",""
"2026-04-27","Perf. Telha Trapezoidal Marafon","02007","8","0","0","TELHA GALVALUME TP 40 0,43MM 7,00M","Estoque","",""
"2026-04-27","Perf. Telha Trapezoidal Marafon","02020","132","0","0","TELHA CUMEEIRA GL TRAP 40 ABAS 300MM","Estoque","",""
"2026-04-24","Perfil ""U"" Marafon","00670K","214","0","0","PERFIL UE 75X40X15X1,95 GALV","Estoque","",""
"2026-04-25","Rodadeira 01","81667","332","1","0","CACAMBA M 40 CONST GALV","Estoque","",""
"2026-04-25","Rodadeira 03","81053","32","0","0","CACAMBA M 40 CONSTRUTOR","Estoque","",""
"2026-04-25","Rodadeira 02","81055","99","1","0","CACAMBA M 60 SUPER","Estoque","",""
"2026-04-25","Rodadeira 02","81627","942","20","0","CACAMBA M 40 POP GALV","Estoque","",""
"2026-04-25","Prensa Debrum 03","81627","695","0","0","CACAMBA M 40 POP GALV","Estoque","",""
"2026-04-25","Prensa Debrum 03","81055","213","0","0","CACAMBA M 60 SUPER","Estoque","",""
"2026-04-25","Prensa Estampa 09","81053","1172","22","0","CACAMBA M 40 CONSTRUTOR","Estoque","",""
"2026-04-27","Perfil ""U"" Marafon","00670K","761","0","0","PERFIL UE 75X40X15X1,95 GALV","Estoque","",""
"2026-04-27","Perfil ""U"" BR200 Regiane","00654K","227","0","0","PERFIL US 92X30X1,95 GALV","Estoque","",""
"2026-04-27","Rodadeira 03","81053","210","30","0","CACAMBA M 40 CONSTRUTOR","Estoque","",""
"2026-04-27","Rodadeira 03","81053","1437","0","0","CACAMBA M 40 CONSTRUTOR","Estoque","",""
"2026-04-27","Prensa Recorte 02","81053","500","0","0","CACAMBA M 40 CONSTRUTOR","Estoque","",""
"2026-04-27","Rodadeira 02","81627","1193","0","0","CACAMBA M 40 POP GALV","Estoque","",""
"2026-04-27","Rodadeira 01","81053","1040","2","0","CACAMBA M 40 CONSTRUTOR","Estoque","",""
"2026-04-27","Prensa Recorte 01","81627","1347","0","0","CACAMBA M 40 POP GALV","Estoque","",""
"2026-04-27","Prensa Debrum 03","81627","1197","0","0","CACAMBA M 40 POP GALV","Estoque","",""
"2026-04-28","Rodadeira 01","81053","1708","2","0","CACAMBA M 40 CONSTRUTOR","Estoque","",""
"2026-04-28","Prensa Debrum 03","81627","1000","0","0","CACAMBA M 40 POP GALV","Estoque","",""
"2026-04-28","Prensa Recorte 01","81053","675","0","0","CACAMBA M 40 CONSTRUTOR","Estoque","",""
"2026-04-28","Rodadeira 02","81627","992","0","0","CACAMBA M 40 POP GALV","Estoque","",""
"2026-04-28","Prensa Recorte 01","81627","967","0","0","CACAMBA M 40 POP GALV","Estoque","",""
"2026-04-28","Prensa Recorte 02","81053","1806","0","0","CACAMBA M 40 CONSTRUTOR","Estoque","",""
"2026-04-28","Perf. Telha Trapezoidal Marafon","02007","100","0","0","TELHA GALVALUME TP 40 0,43MM 7,00M","Estoque","",""
"2026-04-28","Perf. Telha Trapezoidal Marafon","02006","123","0","0","TELHA GALVALUME TP 40 0,43MM 6,00M","Estoque","",""
"2026-04-28","Perf. Telha Trapezoidal Marafon","02004","161","0","0","TELHA GALVALUME TP 40 0,43MM 4,00M","Estoque","",""
"2026-04-28","Perf. Telha Trapezoidal Marafon","02000","18","0","0","TELHA GALVALUME TP 40 0,43MM","Estoque","",""
"2026-04-28","Perf. Telha Trapezoidal Marafon","02005","5","0","0","TELHA GALVALUME TP 40 0,43MM 5,00M","Estoque","",""
"2026-04-28","Perf. Telha Ondulada V8","02017","50","0","0","TELHA GALVALUME OND 17 0,43MM 7,00M","Estoque","",""
"2026-04-28","Perf. Telha Ondulada V8","02016","20","0","0","TELHA GALVALUME OND 17 0,43MM 6,00M","Estoque","",""
"2026-04-28","Perf. Telha Ondulada V8","02014","54","0","0","TELHA GALVALUME OND 17 0,43MM 4,00M","Estoque","",""
"2026-04-28","Perf. Telha Ondulada V8","02013","32","0","0","TELHA GALVALUME OND 17 0,43MM 3,00M","Estoque","",""
"2026-04-28","Perf. Telha Ondulada V8","02000","75","0","0","TELHA GALVALUME TP 40 0,43MM","Estoque","",""
"2026-04-28","Perf. Telha Ondulada V8","02015","12","0","0","TELHA GALVALUME OND 17 0,43MM 5,00M","Estoque","",""
"2026-04-27","Prensa Estampa 09","81053","1420","20","0","CACAMBA M 40 CONSTRUTOR","Estoque","",""
"2026-04-28","Prensa Estampa 09","81053","1270","20","0","CACAMBA M 40 CONSTRUTOR","Estoque","",""
"2026-04-28","Perfil ""U"" BR200 Regiane","00654B","224","0","0","PERFIL US 92X30X2,00","Estoque","",""
"2026-04-28","Perfil ""U"" Marafon","00670K","324","0","0","PERFIL UE 75X40X15X1,95 GALV","Estoque","",""
"2026-04-29","Perf. Telha Trapezoidal Marafon","02006","150","0","0","TELHA GALVALUME TP 40 0,43MM 6,00M","Estoque","",""
"2026-04-29","Perf. Telha Trapezoidal Marafon","02000","24","0","0","TELHA GALVALUME TP 40 0,43MM","Estoque","",""
"2026-04-29","Perf. Telha Trapezoidal Marafon","02007","100","0","0","TELHA GALVALUME TP 40 0,43MM 7,00M","Estoque","",""
"2026-04-29","Perf. Telha Trapezoidal Marafon","02004","100","0","0","TELHA GALVALUME TP 40 0,43MM 4,00M","Estoque","",""
"2026-04-29","Perf. Telha Trapezoidal Marafon","02003","100","0","0","TELHA GALVALUME TP 40 0,43MM 3,00M","Estoque","",""
"2026-04-29","Perf. Telha Trapezoidal Marafon","02005","200","0","0","TELHA GALVALUME TP 40 0,43MM 5,00M","Estoque","",""
"2026-04-29","Perf. Telha Trapezoidal Marafon","02008","100","0","0","TELHA GALVALUME TP 40 0,43MM 8,00M","Estoque","",""
"2026-04-30","Perfil ""U"" ZL","00654B","113","0","0","PERFIL US 92X30X2,00","Estoque","",""
"2026-04-30","Perfil ""U"" ZL","00674B","112","0","0","PERFIL UE 127X50X17X2,00","Estoque","",""
"2026-04-30","Perfil ""U"" Marafon","00670B","229","0","0","PERFIL UE 75X40X15X2,00","Estoque","",""
"2026-04-30","Perf. Telha Trapezoidal Marafon","02008","100","0","0","TELHA GALVALUME TP 40 0,43MM 8,00M","Estoque","",""
"2026-04-30","Perf. Telha Trapezoidal Marafon","02007","34","0","0","TELHA GALVALUME TP 40 0,43MM 7,00M","Estoque","",""
"2026-04-30","Perf. Telha Trapezoidal Marafon","02000","17","0","0","TELHA GALVALUME TP 40 0,43MM","Estoque","",""
"2026-04-30","Perf. Telha Trapezoidal Marafon","02020","100","0","0","TELHA CUMEEIRA GL TRAP 40 ABAS 300MM","Estoque","",""
"2026-04-30","Perf. Telha Trapezoidal Marafon","02004","100","0","0","TELHA GALVALUME TP 40 0,43MM 4,00M","Estoque","",""
"2026-04-30","Perf. Telha Trapezoidal Marafon","02000","21","0","0","TELHA GALVALUME TP 40 0,43MM","Estoque","",""
"2026-04-30","Perf. Telha Trapezoidal Marafon","02004","5","0","0","TELHA GALVALUME TP 40 0,43MM 4,00M","Estoque","",""
"2026-04-30","Perf. Telha Trapezoidal Marafon","02000","57","0","0","TELHA GALVALUME TP 40 0,43MM","Estoque","",""
"2026-04-30","Perf. Telha Trapezoidal Marafon","02006","30","0","0","TELHA GALVALUME TP 40 0,43MM 6,00M","Estoque","",""
"2026-04-30","Perf. Telha Trapezoidal Marafon","02006","100","0","0","TELHA GALVALUME TP 40 0,43MM 6,00M","Estoque","",""
"2026-04-30","Perf. Telha Trapezoidal Marafon","02004","100","0","0","TELHA GALVALUME TP 40 0,43MM 4,00M","Estoque","",""
"2026-04-30","Perf. Telha Ondulada V8","02017","18","0","0","TELHA GALVALUME OND 17 0,43MM 7,00M","Estoque","",""
"2026-04-30","Perf. Telha Ondulada V8","02000","18","0","0","TELHA GALVALUME TP 40 0,43MM","Estoque","",""
"2026-04-30","Perf. Telha Ondulada V8","02014","100","0","0","TELHA GALVALUME OND 17 0,43MM 4,00M","Estoque","",""
"2026-04-29","Perfil ""U"" Marafon","00670K","761","0","0","PERFIL UE 75X40X15X1,95 GALV","Estoque","",""
"2026-04-29","Perfil ""U"" Marafon","00670B","111","0","0","PERFIL UE 75X40X15X2,00","Estoque","",""
"2026-04-29","Perfil ""U"" BR200 Regiane","00654B","226","0","0","PERFIL US 92X30X2,00","Estoque","",""
"2026-04-29","Perfil ""U"" ZL","00674B","411","0","0","PERFIL UE 127X50X17X2,00","Estoque","",""
"2026-04-30","Perfil ""U"" BR200 Regiane","00654B","113","0","0","PERFIL US 92X30X2,00","Estoque","",""
"2026-04-30","Perfil ""U"" ZL","00674B","112","0","0","PERFIL UE 127X50X17X2,00","Estoque","",""
"2026-04-30","Perfil ""U"" Marafon","00670B","229","0","0","PERFIL UE 75X40X15X2,00","Estoque","",""
"2026-05-04","Perf. Telha Ondulada V8","02015","100","0","0","TELHA GALVALUME OND 17 0,43MM 5,00M","Estoque","",""
"2026-05-04","Perf. Telha Ondulada V8","02016","200","0","0","TELHA GALVALUME OND 17 0,43MM 6,00M","Estoque","",""
"2026-05-04","Perf. Telha Trapezoidal Marafon","02003","200","0","0","TELHA GALVALUME TP 40 0,43MM 3,00M","Estoque","",""
"2026-05-04","Perf. Telha Trapezoidal Marafon","02007","6","0","0","TELHA GALVALUME TP 40 0,43MM 7,00M","Estoque","",""
"2026-05-04","Perf. Telha Trapezoidal Marafon","02000","6","0","0","TELHA GALVALUME TP 40 0,43MM","Estoque","",""
"2026-05-04","Perf. Telha Trapezoidal Marafon","02006","11","0","0","TELHA GALVALUME TP 40 0,43MM 6,00M","Estoque","",""
"2026-05-04","Perf. Telha Trapezoidal Marafon","02000","7","0","0","TELHA GALVALUME TP 40 0,43MM","Estoque","",""
"2026-05-04","Perf. Telha Trapezoidal Marafon","02005","14","0","0","TELHA GALVALUME TP 40 0,43MM 5,00M","Estoque","",""
"2026-05-04","Perf. Telha Trapezoidal Marafon","02004","25","0","0","TELHA GALVALUME TP 40 0,43MM 4,00M","Estoque","",""
"2026-05-04","Perf. Telha Trapezoidal Marafon","02000","4","0","0","TELHA GALVALUME TP 40 0,43MM","Estoque","",""
"2026-05-04","Perf. Telha Trapezoidal Marafon","02003","29","0","0","TELHA GALVALUME TP 40 0,43MM 3,00M","Estoque","",""
"2026-05-04","Perf. Telha Trapezoidal Marafon","02006","200","0","0","TELHA GALVALUME TP 40 0,43MM 6,00M","Estoque","",""
"2026-05-04","Perf. Telha Trapezoidal Marafon","02006","100","0","0","TELHA GALVALUME TP 40 0,43MM 6,00M","Estoque","",""
"2026-04-29","Rodadeira 01","81053","1328","0","0","CACAMBA M 40 CONSTRUTOR","Estoque","",""
"2026-04-29","Rodadeira 03","81053","92","0","0","CACAMBA M 40 CONSTRUTOR","Estoque","",""
"2026-04-29","Prensa Recorte 01","81053","700","0","0","CACAMBA M 40 CONSTRUTOR","Estoque","",""
"2026-04-29","Prensa Recorte 02","81053","1800","0","0","CACAMBA M 40 CONSTRUTOR","Estoque","",""
"2026-04-29","Prensa Estampa 09","81053","625","1","0","CACAMBA M 40 CONSTRUTOR","Estoque","",""
"2026-04-29","Prensa Estampa 09","81667","400","25","0","CACAMBA M 40 CONST GALV","Estoque","",""
"2026-04-29","Prensa Recorte 01","81627","1225","0","0","CACAMBA M 40 POP GALV","Estoque","",""
"2026-04-30","Prensa Estampa 09","81667","1035","20","0","CACAMBA M 40 CONST GALV","Estoque","",""
"2026-04-30","Prensa Recorte 01","81053","990","20","0","CACAMBA M 40 CONSTRUTOR","Estoque","",""
"2026-04-30","Prensa Recorte 01","81627","620","0","0","CACAMBA M 40 POP GALV","Estoque","",""
"2026-04-30","Rodadeira 01","81053","981","0","0","CACAMBA M 40 CONSTRUTOR","Estoque","",""
"2026-04-30","Rodadeira 01","81626","690","0","0","CACAMBA M 40 POP","Estoque","",""
"2026-04-30","Prensa Debrum 03","81627","900","0","0","CACAMBA M 40 POP GALV","Estoque","",""
"2026-04-30","Prensa Recorte 01","81627","1150","0","0","CACAMBA M 40 POP GALV","Estoque","",""
"2026-05-05","Perf. Telha Trapezoidal Marafon","02006","300","0","0","TELHA GALVALUME TP 40 0,43MM 6,00M","Estoque","",""
"2026-05-05","Perf. Telha Trapezoidal Marafon","02005","200","0","0","TELHA GALVALUME TP 40 0,43MM 5,00M","Estoque","",""
"2026-05-05","Perf. Telha Trapezoidal Marafon","02007","28","0","0","TELHA GALVALUME TP 40 0,43MM 7,00M","Estoque","",""
"2026-05-05","Perf. Telha Trapezoidal Marafon","02000","69","0","0","TELHA GALVALUME TP 40 0,43MM","Estoque","",""
"2026-05-05","Perf. Telha Ondulada V8","02015","100","0","0","TELHA GALVALUME OND 17 0,43MM 5,00M","Estoque","",""
"2026-05-05","Perf. Telha Ondulada V8","02016","100","0","0","TELHA GALVALUME OND 17 0,43MM 6,00M","Estoque","",""
"2026-05-05","Perf. Telha Ondulada V8","02000","33","0","0","TELHA GALVALUME TP 40 0,43MM","Estoque","",""
"2026-05-01","Rodadeira 01","81667","700","0","0","CACAMBA M 40 CONST GALV","Estoque","",""
"2026-04-30","Rodadeira 03","81053","246","0","0","CACAMBA M 40 CONSTRUTOR","Estoque","",""
"2026-04-30","Rodadeira 03","81667","200","0","0","CACAMBA M 40 CONST GALV","Estoque","",""
"2026-05-04","Prensa Estampa 09","81667","1221","40","0","CACAMBA M 40 CONST GALV","Estoque","",""
"2026-05-04","Prensa Estampa 09","81627","1260","0","0","CACAMBA M 40 POP GALV","Estoque","",""
"2026-05-04","Rodadeira 01","81627","460","0","0","CACAMBA M 40 POP GALV","Estoque","",""
"2026-05-04","Rodadeira 01","81058","270","0","0","CACAMBA M 75 PLUS","Estoque","",""
"2026-05-04","Prensa Debrum 03","81053","519","0","0","CACAMBA M 40 CONSTRUTOR","Estoque","",""
"2026-05-04","Prensa Debrum 03","81627","454","0","0","CACAMBA M 40 POP GALV","Estoque","",""
"2026-05-05","Rodadeira 02","81823","60","0","0","CACAMBA M 50 5.0","Estoque","",""
"2026-05-05","Rodadeira 02","81055","150","0","0","CACAMBA M 60 SUPER","Estoque","",""
"2026-05-05","Rodadeira 02","81058","262","0","0","CACAMBA M 75 PLUS","Estoque","",""
"2026-05-05","Prensa Debrum 03","81053","125","0","0","CACAMBA M 40 CONSTRUTOR","Estoque","",""
"2026-05-05","Prensa Debrum 03","81055","319","0","0","CACAMBA M 60 SUPER","Estoque","",""
"2026-05-05","Prensa Debrum 03","81058","660","0","0","CACAMBA M 75 PLUS","Estoque","",""
"2026-05-05","Rodadeira 02","81823","65","0","0","CACAMBA M 50 5.0","Estoque","",""
"2026-05-05","Rodadeira 02","81055","150","0","0","CACAMBA M 60 SUPER","Estoque","",""
"2026-05-05","Rodadeira 02","81058","380","0","0","CACAMBA M 75 PLUS","Estoque","",""
"2026-05-05","Prensa Recorte 01","81667","500","0","0","CACAMBA M 40 CONST GALV","Estoque","",""
"2026-05-05","Prensa Estampa 09","81667","1121","21","0","CACAMBA M 40 CONST GALV","Estoque","",""
"2026-05-05","Prensa Recorte 01","81823","13","0","0","CACAMBA M 50 5.0","Estoque","",""
"2026-05-05","Prensa Recorte 01","81055","336","0","0","CACAMBA M 60 SUPER","Estoque","",""
"2026-05-05","Prensa Recorte 01","81058","751","0","0","CACAMBA M 75 PLUS","Estoque","",""
"2026-05-04","Prensa Recorte 01","81627","553","0","0","CACAMBA M 40 POP GALV","Estoque","",""
"2026-05-04","Prensa Recorte 01","81058","341","0","0","CACAMBA M 75 PLUS","Estoque","",""
"2026-05-04","Prensa Recorte 01","81823","300","0","0","CACAMBA M 50 5.0","Estoque","",""
"2026-05-05","Perfil ""U"" Marafon","00670B","648","0","0","PERFIL UE 75X40X15X2,00","Estoque","",""
"2026-05-05","Perfil ""U"" ZL","00668K","353","0","0","PERFIL UE 50X25X10X1,95 GALV","Estoque","",""
"2026-05-06","Perfil ""U"" Marafon","00670B","810","0","0","PERFIL UE 75X40X15X2,00","Estoque","",""
"2026-05-06","Perfil ""U"" BR200 Regiane","00652K","82","0","0","PERFIL US 68X30X1,95 GALV","Estoque","",""
"2026-05-06","Perf. Telha Trapezoidal Marafon","02007","76","0","0","TELHA GALVALUME TP 40 0,43MM 7,00M","Estoque","",""
"2026-05-06","Perf. Telha Trapezoidal Marafon","02008","100","0","0","TELHA GALVALUME TP 40 0,43MM 8,00M","Estoque","",""
"2026-05-06","Perf. Telha Trapezoidal Marafon","02004","395","0","0","TELHA GALVALUME TP 40 0,43MM 4,00M","Estoque","",""
"2026-05-06","Perf. Telha Trapezoidal Marafon","02003","201","0","0","TELHA GALVALUME TP 40 0,43MM 3,00M","Estoque","",""
"2026-05-07","Perf. Telha Trapezoidal Marafon","02007","201","0","0","TELHA GALVALUME TP 40 0,43MM 7,00M","Estoque","",""
"2026-05-07","Perf. Telha Trapezoidal Marafon","02004","113","0","0","TELHA GALVALUME TP 40 0,43MM 4,00M","Estoque","",""
"2026-05-07","Perf. Telha Trapezoidal Marafon","02006","1","0","0","TELHA GALVALUME TP 40 0,43MM 6,00M","Estoque","",""
"2026-05-07","Perf. Telha Trapezoidal Marafon","02000","35","0","0","TELHA GALVALUME TP 40 0,43MM","Estoque","",""
"2026-05-07","Perf. Telha Trapezoidal Marafon","02003","12","0","0","TELHA GALVALUME TP 40 0,43MM 3,00M","Estoque","",""
"2026-05-07","Perf. Telha Trapezoidal Marafon","02005","200","0","0","TELHA GALVALUME TP 40 0,43MM 5,00M","Estoque","",""
"2026-05-08","Perf. Telha Trapezoidal Marafon","02000","84","0","0","TELHA GALVALUME TP 40 0,43MM","Estoque","",""
"2026-05-08","Perf. Telha Ondulada V8","02014","100","0","0","TELHA GALVALUME OND 17 0,43MM 4,00M","Estoque","",""
"2026-05-08","Perf. Telha Ondulada V8","02013","100","0","0","TELHA GALVALUME OND 17 0,43MM 3,00M","Estoque","",""
"2026-05-06","Prensa Estampa 09","81667","767","8","0","CACAMBA M 40 CONST GALV","Estoque","",""
"2026-05-06","Prensa Estampa 09","81053","340","5","0","CACAMBA M 40 CONSTRUTOR","Estoque","",""
"2026-05-06","Prensa Recorte 01","81667","1200","0","0","CACAMBA M 40 CONST GALV","Estoque","",""
"2026-05-06","Rodadeira 03","81667","150","0","0","CACAMBA M 40 CONST GALV","Estoque","",""
"2026-05-06","Rodadeira 03","81053","250","0","0","CACAMBA M 40 CONSTRUTOR","Estoque","",""
"2026-05-06","Rodadeira 02","81058","1117","0","0","CACAMBA M 75 PLUS","Estoque","",""
"2026-05-06","Rodadeira 01","81626","620","0","0","CACAMBA M 40 POP","Estoque","",""
"2026-05-06","Rodadeira 01","81058","1100","0","0","CACAMBA M 75 PLUS","Estoque","",""
"2026-05-06","Prensa Recorte 01","81058","896","0","0","CACAMBA M 75 PLUS","Estoque","",""
"2026-05-06","Rodadeira 01","81053","480","0","0","CACAMBA M 40 CONSTRUTOR","Estoque","",""
"2026-05-08","Perf. Telha Trapezoidal Marafon","02008","25","0","0","TELHA GALVALUME TP 40 0,43MM 8,00M","Estoque","",""
"2026-05-08","Perf. Telha Trapezoidal Marafon","02000","51","0","0","TELHA GALVALUME TP 40 0,43MM","Estoque","",""
"2026-05-08","Perf. Telha Trapezoidal Marafon","02005","100","0","0","TELHA GALVALUME TP 40 0,43MM 5,00M","Estoque","",""
"2026-05-08","Perf. Telha Ondulada V8","02017","200","0","0","TELHA GALVALUME OND 17 0,43MM 7,00M","Estoque","",""
"2026-05-08","Perf. Telha Ondulada V8","02016","200","0","0","TELHA GALVALUME OND 17 0,43MM 6,00M","Estoque","",""
"2026-05-08","Perf. Telha Ondulada V8","02015","100","0","0","TELHA GALVALUME OND 17 0,43MM 5,00M","Estoque","",""
"2026-05-08","Perf. Telha Ondulada V8","02000","164","0","0","TELHA GALVALUME TP 40 0,43MM","Estoque","",""
"2026-05-07","Perfil ""U"" Marafon","00670B","906","0","0","PERFIL UE 75X40X15X2,00","Estoque","",""
"2026-05-07","Perfil ""U"" BR200 Regiane","00652K","81","0","0","PERFIL US 68X30X1,95 GALV","Estoque","",""
"2026-05-07","Perfil ""U"" BR200 Regiane","00652B","88","0","0","PERFIL US 68X30X2,00","Estoque","",""
"2026-05-07","Perfil ""U"" BR200 Regiane","00652B","106","0","0","PERFIL US 68X30X2,00","Estoque","",""
"2026-05-07","Perfil ""U"" ZL","00668B","224","0","0","PERFIL UE 50X25X10X2,00","Estoque","",""
"2026-05-07","Perfil ""U"" ZL","00668K","297","0","0","PERFIL UE 50X25X10X1,95 GALV","Estoque","",""
"2026-05-08","Perfil ""U"" BR200 Regiane","00652B","115","0","0","PERFIL US 68X30X2,00","Estoque","",""
"2026-05-08","Perfil ""U"" Marafon","00670B","115","0","0","PERFIL UE 75X40X15X2,00","Estoque","",""
"2026-05-07","Prensa Recorte 01","81058","732","0","0","CACAMBA M 75 PLUS","Estoque","",""
"2026-05-07","Prensa Recorte 01","81055","257","0","0","CACAMBA M 60 SUPER","Estoque","",""
"2026-05-07","Prensa Debrum 03","81055","28","0","0","CACAMBA M 60 SUPER","Estoque","",""
"2026-05-07","Prensa Debrum 03","81058","948","0","0","CACAMBA M 75 PLUS","Estoque","",""
"2026-05-07","Prensa Recorte 02","81058","948","0","0","CACAMBA M 75 PLUS","Estoque","",""
"2026-05-07","Prensa Recorte 02","81055","150","0","0","CACAMBA M 60 SUPER","Estoque","",""
"2026-05-07","Rodadeira 01","81667","875","0","0","CACAMBA M 40 CONST GALV","Estoque","",""
"2026-05-07","Rodadeira 01","81667","1943","6","0","CACAMBA M 40 CONST GALV","Estoque","",""
"2026-05-07","Prensa Recorte 01","81626","94","0","0","CACAMBA M 40 POP","Estoque","",""
"2026-05-07","Prensa Recorte 01","81627","635","0","0","CACAMBA M 40 POP GALV","Estoque","",""
"2026-05-07","Prensa Estampa 09","81053","192","0","0","CACAMBA M 40 CONSTRUTOR","Estoque","",""
"2026-05-07","Prensa Estampa 09","81667","1110","2","0","CACAMBA M 40 CONST GALV","Estoque","",""
"2026-05-08","Prensa Recorte 01","81058","1000","0","741","CACAMBA M 75 PLUS","Estoque","",""
"2026-05-08","Prensa Debrum 03","81055","660","0","0","CACAMBA M 60 SUPER","Estoque","",""
"2026-05-08","Rodadeira 01","81053","570","0","0","CACAMBA M 40 CONSTRUTOR","Estoque","",""
"2026-05-08","Rodadeira 01","81627","200","0","0","CACAMBA M 40 POP GALV","Estoque","",""
"2026-05-08","Rodadeira 02","81055","570","0","0","CACAMBA M 60 SUPER","Estoque","",""
"2026-05-08","Rodadeira 03","81053","615","0","0","CACAMBA M 40 CONSTRUTOR","Estoque","",""
"2026-05-08","Rodadeira 03","81667","55","0","0","CACAMBA M 40 CONST GALV","Estoque","",""
"2026-05-08","Prensa Recorte 02","81053","359","0","0","CACAMBA M 40 CONSTRUTOR","Estoque","",""
"2026-05-08","Prensa Recorte 02","81667","867","0","0","CACAMBA M 40 CONST GALV","Estoque","",""
"2026-05-11","Perf. Telha Ondulada V8","02000","17","0","0","TELHA GALVALUME TP 40 0,43MM","Estoque","",""
"2026-05-11","Perf. Telha Ondulada V8","02013","1","0","0","TELHA GALVALUME OND 17 0,43MM 3,00M","Estoque","",""
"2026-05-11","Perf. Telha Trapezoidal Marafon","02005","100","0","0","TELHA GALVALUME TP 40 0,43MM 5,00M","Estoque","",""
"2026-05-11","Perf. Telha Trapezoidal Marafon","02000","200","0","0","TELHA GALVALUME TP 40 0,43MM","Estoque","",""
"2026-05-11","Perf. Telha Trapezoidal Marafon","02006","200","0","0","TELHA GALVALUME TP 40 0,43MM 6,00M","Estoque","",""
"2026-05-11","Perf. Telha Trapezoidal Marafon","02000","92","0","0","TELHA GALVALUME TP 40 0,43MM","Estoque","",""
"2026-05-11","Perf. Telha Trapezoidal Marafon","02007","37","0","0","TELHA GALVALUME TP 40 0,43MM 7,00M","Estoque","",""
"2026-05-11","Perf. Telha Trapezoidal Marafon","02000","37","0","0","TELHA GALVALUME TP 40 0,43MM","Estoque","",""
"2026-05-11","Perf. Telha Trapezoidal Marafon","02020","34","0","0","TELHA CUMEEIRA GL TRAP 40 ABAS 300MM","Estoque","",""
"2026-05-11","Perf. Telha Trapezoidal Marafon","02006","100","0","0","TELHA GALVALUME TP 40 0,43MM 6,00M","Estoque","",""
"2026-05-08","Prensa Estampa 09","81667","802","4","0","CACAMBA M 40 CONST GALV","Estoque","",""
"2026-05-08","Prensa Estampa 09","81667","305","30","0","CACAMBA M 40 CONST GALV","Estoque","",""
"2026-05-08","Rodadeira 01","81053","800","4","0","CACAMBA M 40 CONSTRUTOR","Estoque","",""
"2026-05-08","Rodadeira 01","81667","270","0","0","CACAMBA M 40 CONST GALV","Estoque","",""
"2026-05-11","Prensa Estampa 09","81667","1240","10","0","CACAMBA M 40 CONST GALV","Estoque","",""
"2026-05-11","Rodadeira 01","81667","823","0","0","CACAMBA M 40 CONST GALV","Estoque","",""
"2026-05-11","Rodadeira 01","81053","686","0","0","CACAMBA M 40 CONSTRUTOR","Estoque","",""
"2026-05-11","Prensa Debrum 03","81055","1090","0","0","CACAMBA M 60 SUPER","Estoque","",""
"2026-05-11","Prensa Recorte 02","81055","1100","0","0","CACAMBA M 60 SUPER","Estoque","",""
"2026-05-11","Prensa Recorte 01","81667","760","0","0","CACAMBA M 40 CONST GALV","Estoque","",""
"2026-05-11","Prensa Recorte 01","81055","960","0","0","CACAMBA M 60 SUPER","Estoque","",""
"2026-05-12","Perf. Telha Trapezoidal Marafon","02006","200","0","0","TELHA GALVALUME TP 40 0,43MM 6,00M","Estoque","",""
"2026-05-12","Perf. Telha Trapezoidal Marafon","02005","100","0","0","TELHA GALVALUME TP 40 0,43MM 5,00M","Estoque","",""
"2026-05-12","Perf. Telha Trapezoidal Marafon","02000","37","0","0","TELHA GALVALUME TP 40 0,43MM","Estoque","",""
"2026-05-12","Perf. Telha Trapezoidal Marafon","02003","6","0","0","TELHA GALVALUME TP 40 0,43MM 3,00M","Estoque","",""
"2026-05-12","Perf. Telha Trapezoidal Marafon","02006","5","0","0","TELHA GALVALUME TP 40 0,43MM 6,00M","Estoque","",""
"2026-05-12","Perf. Telha Trapezoidal Marafon","02000","39","0","0","TELHA GALVALUME TP 40 0,43MM","Estoque","",""
"2026-05-12","Perf. Telha Trapezoidal Marafon","02020","8","0","0","TELHA CUMEEIRA GL TRAP 40 ABAS 300MM","Estoque","",""
"2026-05-12","Perf. Telha Trapezoidal Marafon","02000","17","0","0","TELHA GALVALUME TP 40 0,43MM","Estoque","",""
"2026-05-12","Perf. Telha Trapezoidal Marafon","02003","15","0","0","TELHA GALVALUME TP 40 0,43MM 3,00M","Estoque","",""
"2026-05-12","Perf. Telha Trapezoidal Marafon","02000","5","0","0","TELHA GALVALUME TP 40 0,43MM","Estoque","",""
"2026-05-12","Perf. Telha Trapezoidal Marafon","02006","200","0","0","TELHA GALVALUME TP 40 0,43MM 6,00M","Estoque","",""
"2026-05-12","Perf. Telha Trapezoidal Marafon","02004","200","0","0","TELHA GALVALUME TP 40 0,43MM 4,00M","Estoque","",""
"2026-05-13","Perf. Telha Trapezoidal Marafon","02005","200","0","0","TELHA GALVALUME TP 40 0,43MM 5,00M","Estoque","",""
"2026-05-13","Perf. Telha Trapezoidal Marafon","02020","200","0","0","TELHA CUMEEIRA GL TRAP 40 ABAS 300MM","Estoque","",""
"2026-05-13","Perf. Telha Trapezoidal Marafon","02000","61","0","0","TELHA GALVALUME TP 40 0,43MM","Estoque","",""
"2026-05-13","Perf. Telha Trapezoidal Marafon","02006","200","0","0","TELHA GALVALUME TP 40 0,43MM 6,00M","Estoque","",""
"2026-05-13","Perf. Telha Trapezoidal Marafon","02004","100","0","0","TELHA GALVALUME TP 40 0,43MM 4,00M","Estoque","",""
"2026-05-13","Perf. Telha Trapezoidal Marafon","02000","32","0","0","TELHA GALVALUME TP 40 0,43MM","Estoque","",""
"2026-05-12","Prensa Debrum 03","81055","464","0","0","CACAMBA M 60 SUPER","Estoque","",""
"2026-05-12","Prensa Debrum 03","81058","220","0","0","CACAMBA M 75 PLUS","Estoque","",""
"2026-05-12","Rodadeira 03","81667","400","0","0","CACAMBA M 40 CONST GALV","Estoque","",""
"2026-05-12","Rodadeira 02","81055","410","0","0","CACAMBA M 60 SUPER","Estoque","",""
"2026-05-12","Rodadeira 02","81058","450","0","0","CACAMBA M 75 PLUS","Estoque","",""
"2026-05-12","Rodadeira 01","81667","1407","0","0","CACAMBA M 40 CONST GALV","Estoque","",""
"2026-05-12","Prensa Recorte 02","81626","1750","0","0","CACAMBA M 40 POP","Estoque","",""
"2026-05-12","Prensa Estampa 09","81667","1057","25","0","CACAMBA M 40 CONST GALV","Estoque","",""
"2026-05-12","Prensa Estampa 09","81667","113","3","0","CACAMBA M 40 CONST GALV","Estoque","",""
"2026-05-12","Perfil ""U"" Marafon","00670B","335","0","0","PERFIL UE 75X40X15X2,00","Estoque","",""
"2026-05-12","Perfil ""U"" Marafon","00670A","129","0","0","PERFIL UE 75X40X15X1,80","Estoque","",""
"2026-05-13","Perfil ""U"" BR200 Regiane","00652B","335","0","0","PERFIL US 68X30X2,00","Estoque","",""
"2026-05-12","Rodadeira 01","81667","750","0","0","CACAMBA M 40 CONST GALV","Estoque","",""
"2026-05-12","Prensa Recorte 01","81055","280","0","0","CACAMBA M 60 SUPER","Estoque","",""
"2026-05-12","Prensa Recorte 01","81058","300","0","0","CACAMBA M 75 PLUS","Estoque","",""
"2026-05-12","Prensa Estampa 04","81627","355","0","0","CACAMBA M 40 POP GALV","Estoque","",""
"2026-05-13","Prensa Debrum 03","81058","1000","0","0","CACAMBA M 75 PLUS","Estoque","",""
"2026-05-13","Rodadeira 01","81667","660","0","0","CACAMBA M 40 CONST GALV","Estoque","",""
"2026-05-13","Prensa Recorte 01","81058","838","0","0","CACAMBA M 75 PLUS","Estoque","",""
"2026-05-13","Prensa Recorte 01","81627","400","0","0","CACAMBA M 40 POP GALV","Estoque","",""
"2026-05-13","Rodadeira 01","81667","1030","0","0","CACAMBA M 40 CONST GALV","Estoque","",""
"2026-05-13","Prensa Recorte 02","81667","1570","0","0","CACAMBA M 40 CONST GALV","Estoque","",""
"2026-05-13","Prensa Estampa 04","81627","500","2","0","CACAMBA M 40 POP GALV","Estoque","",""
"2026-05-13","Prensa Estampa 09","81667","207","2","0","CACAMBA M 40 CONST GALV","Estoque","",""
"2026-05-13","Prensa Estampa 09","81053","1050","25","0","CACAMBA M 40 CONSTRUTOR","Estoque","",""
"2026-05-13","Prensa Recorte 02","81058","837","0","0","CACAMBA M 75 PLUS","Estoque","",""
"2026-05-13","Prensa Recorte 02","81627","100","0","0","CACAMBA M 40 POP GALV","Estoque","",""
"2026-05-13","Prensa Recorte 02","81667","520","0","0","CACAMBA M 40 CONST GALV","Estoque","",""
"2026-05-14","Perf. Telha Trapezoidal Marafon","02007","200","0","0","TELHA GALVALUME TP 40 0,43MM 7,00M","Estoque","",""
"2026-05-14","Perf. Telha Trapezoidal Marafon","02008","100","0","0","TELHA GALVALUME TP 40 0,43MM 8,00M","Estoque","",""
"2026-05-14","Perf. Telha Trapezoidal Marafon","02003","100","0","0","TELHA GALVALUME TP 40 0,43MM 3,00M","Estoque","",""
"2026-05-14","Perf. Telha Ondulada V8","02016","100","0","0","TELHA GALVALUME OND 17 0,43MM 6,00M","Estoque","",""
"2026-05-14","Perf. Telha Ondulada V8","02015","100","0","0","TELHA GALVALUME OND 17 0,43MM 5,00M","Estoque","",""
"2026-05-14","Perf. Telha Ondulada V8","02014","101","0","0","TELHA GALVALUME OND 17 0,43MM 4,00M","Estoque","",""
"2026-05-12","Perfil ""U"" ZL","00672K","303","0","0","PERFIL UE 100X50X17X1,95 GALV","Estoque","",""
"2026-05-13","Perfil ""U"" ZL","00672K","106","0","0","PERFIL UE 100X50X17X1,95 GALV","Estoque","",""
"2026-05-14","Perfil ""U"" ZL","00652B","115","0","0","PERFIL US 68X30X2,00","Estoque","",""
"2026-05-15","Perf. Telha Trapezoidal Marafon","02000","107","0","0","TELHA GALVALUME TP 40 0,43MM","Estoque","",""
"2026-05-15","Perf. Telha Trapezoidal Marafon","02006","2","0","0","TELHA GALVALUME TP 40 0,43MM 6,00M","Estoque","",""
"2026-05-15","Perf. Telha Trapezoidal Marafon","02008","2","0","0","TELHA GALVALUME TP 40 0,43MM 8,00M","Estoque","",""
"2026-05-15","Perf. Telha Trapezoidal Marafon","02020","100","0","0","TELHA CUMEEIRA GL TRAP 40 ABAS 300MM","Estoque","",""
"2026-05-15","Perf. Telha Ondulada V8","02017","100","0","0","TELHA GALVALUME OND 17 0,43MM 7,00M","Estoque","",""
"2026-05-15","Perf. Telha Ondulada V8","02016","28","0","0","TELHA GALVALUME OND 17 0,43MM 6,00M","Estoque","",""
"2026-05-15","Perf. Telha Ondulada V8","02000","138","0","0","TELHA GALVALUME TP 40 0,43MM","Estoque","",""
"2026-05-13","Perfil ""U"" ZL","00672B","109","0","0","PERFIL UE 100X50X17X2,00","Estoque","",""
"2026-05-13","Perfil ""U"" ZL","00672B","448","0","0","PERFIL UE 100X50X17X2,00","Estoque","",""
"2026-05-15","Perfil ""U"" Marafon","00670A","527","0","0","PERFIL UE 75X40X15X1,80","Estoque","",""
"2026-05-15","Perfil ""U"" Marafon","00652B","323","0","0","PERFIL US 68X30X2,00","Estoque","",""
"2026-05-14","Prensa Estampa 04","81627","425","3","0","CACAMBA M 40 POP GALV","Estoque","",""
"2026-05-14","Prensa Estampa 04","81627","481","6","0","CACAMBA M 40 POP GALV","Estoque","",""
"2026-05-14","Prensa Debrum 03","81058","57","0","0","CACAMBA M 75 PLUS","Estoque","",""
"2026-05-14","Prensa Debrum 03","81627","1000","0","0","CACAMBA M 40 POP GALV","Estoque","",""
"2026-05-14","Prensa Recorte 02","81627","1040","0","0","CACAMBA M 40 POP GALV","Estoque","",""
"2026-05-14","Prensa Recorte 01","81053","735","0","0","CACAMBA M 40 CONSTRUTOR","Estoque","",""
"2026-05-14","Rodadeira 03","81053","648","0","0","CACAMBA M 40 CONSTRUTOR","Estoque","",""
"2026-05-14","Rodadeira 01","81053","1250","0","0","CACAMBA M 40 CONSTRUTOR","Estoque","",""
"2026-05-18","Corte","00691","1109","0","0","CORT DOBRA VERGALHAO CA60 5,00MM","Estoque","",""
"2026-05-18","Perfil ""U"" ZL","00671K","634","0","0","PERFIL UE 100X40X17X1,95 GALV","Estoque","",""
"2026-05-18","Perfil ""U"" Marafon","00670K","194","0","0","PERFIL UE 75X40X15X1,95 GALV","Estoque","",""
"2026-05-14","Prensa Estampa 09","81053","1305","5","0","CACAMBA M 40 CONSTRUTOR","Estoque","",""
"2026-05-18","Prensa Estampa 04","81627","415","8","0","CACAMBA M 40 POP GALV","Estoque","",""
"2026-05-18","Rodadeira 01","81667","1300","2","2","CACAMBA M 40 CONST GALV","Estoque","",""
"2026-05-18","Rodadeira 03","81667","800","0","0","CACAMBA M 40 CONST GALV","Estoque","",""
"2026-05-18","Prensa Debrum 03","81627","641","0","0","CACAMBA M 40 POP GALV","Estoque","",""
"2026-05-18","Prensa Debrum 03","81626","360","0","0","CACAMBA M 40 POP","Estoque","",""
"2026-05-18","Prensa Recorte 02","81626","596","0","0","CACAMBA M 40 POP","Estoque","",""
"2026-05-18","Prensa Recorte 02","81627","430","0","0","CACAMBA M 40 POP GALV","Estoque","",""
"2026-05-18","Rodadeira 01","81667","730","0","0","CACAMBA M 40 CONST GALV","Estoque","",""
"2026-05-18","Prensa Recorte 01","81626","687","0","0","CACAMBA M 40 POP","Estoque","",""
"2026-05-18","Prensa Recorte 02","81667","1700","0","0","CACAMBA M 40 CONST GALV","Estoque","",""
"2026-05-18","Prensa Estampa 09","81667","1266","6","0","CACAMBA M 40 CONST GALV","Estoque","",""
"2026-05-19","Prensa Recorte 02","81626","1070","0","0","CACAMBA M 40 POP","Estoque","",""
"2026-05-19","Rodadeira 01","81667","655","0","0","CACAMBA M 40 CONST GALV","Estoque","",""
"2026-05-19","Prensa Recorte 01","81626","1081","0","0","CACAMBA M 40 POP","Estoque","",""
"2026-05-14","Prensa Recorte 01","81627","1411","0","0","CACAMBA M 40 POP GALV","Estoque","",""
"2026-05-19","Rodadeira 03","81667","606","0","0","CACAMBA M 40 CONST GALV","Estoque","",""
"2026-05-19","Perf. Telha Trapezoidal Marafon","02006","125","0","0","TELHA GALVALUME TP 40 0,43MM 6,00M","Estoque","",""
"2026-05-19","Perf. Telha Trapezoidal Marafon","02005","100","0","0","TELHA GALVALUME TP 40 0,43MM 5,00M","Estoque","",""
"2026-05-19","Perf. Telha Trapezoidal Marafon","02007","50","0","0","TELHA GALVALUME TP 40 0,43MM 7,00M","Estoque","",""
"2026-05-19","Corte","00691","550","0","0","CORT DOBRA VERGALHAO CA60 5,00MM","Estoque","",""
"2026-05-20","Corte","00691","546","0","0","CORT DOBRA VERGALHAO CA60 5,00MM","Estoque","",""
"2026-05-19","Dobra","00693D","289","0","0","DOBRA VERGALHAO CA50 5/16"" (8,00MM)","Estoque","",""
"2026-05-19","Dobra","00694D","160","0","0","DOBRA VERGALHAO CA50 3/8"" (10,00MM)","Estoque","",""
"2026-05-19","Dobra","00695D","102","0","0","DOBRA VERGALHAO CA50 1/2"" (12,50MM)","Estoque","",""
"2026-05-19","Perfil ""U"" ZL","00671B","338","0","0","PERFIL UE 100X40X17X2,00","Estoque","",""
"2026-05-19","Perfil ""U"" ZL","00671K","109","0","0","PERFIL UE 100X40X17X1,95 GALV","Estoque","",""
"2026-05-19","Perfil ""U"" Marafon","00670K","998","0","0","PERFIL UE 75X40X15X1,95 GALV","Estoque","",""
"2026-05-19","Perfil ""U"" BR200 Regiane","00651A","129","0","0","PERFIL US 50X25X1,80","Estoque","",""
"2026-05-20","Dobra","00694D","210","0","0","DOBRA VERGALHAO CA50 3/8"" (10,00MM)","Estoque","",""
"2026-05-20","Dobra","00695D","84","0","0","DOBRA VERGALHAO CA50 1/2"" (12,50MM)","Estoque","",""
"2026-05-20","Dobra","00691D","700","0","0","DOBRA VERGALHAO CA60 5,00MM","Estoque","",""
"2026-05-20","Perf. Telha Trapezoidal Marafon","02006","45","0","0","TELHA GALVALUME TP 40 0,43MM 6,00M","Estoque","",""
"2026-05-20","Perf. Telha Trapezoidal Marafon","02005","23","0","0","TELHA GALVALUME TP 40 0,43MM 5,00M","Estoque","",""
"2026-05-20","Perf. Telha Trapezoidal Marafon","02000","82","0","0","TELHA GALVALUME TP 40 0,43MM","Estoque","",""
"2026-05-20","Perf. Telha Trapezoidal Marafon","02000","15","0","0","TELHA GALVALUME TP 40 0,43MM","Estoque","",""
"2026-05-21","Dobra","00691D","1400","0","0","DOBRA VERGALHAO CA60 5,00MM","Estoque","",""
"2026-05-20","Corte","00691","700","0","0","CORT DOBRA VERGALHAO CA60 5,00MM","Estoque","",""
"2026-05-21","Corte","00691","396","0","0","CORT DOBRA VERGALHAO CA60 5,00MM","Estoque","",""
"2026-05-19","Prensa Debrum 03","81626","1140","0","0","CACAMBA M 40 POP","Estoque","",""
"2026-05-19","Prensa Debrum 03","81627","450","2","0","CACAMBA M 40 POP GALV","Estoque","",""
"2026-05-20","Prensa Debrum 03","81627","56","0","0","CACAMBA M 40 POP GALV","Estoque","",""
"2026-05-20","Prensa Estampa 09","81667","1120","10","0","CACAMBA M 40 CONST GALV","Estoque","",""
"2026-05-20","Rodadeira 03","81667","175","5","0","CACAMBA M 40 CONST GALV","Estoque","",""
"2026-05-20","Prensa Recorte 02","81667","1900","0","0","CACAMBA M 40 CONST GALV","Estoque","",""
"2026-05-20","Prensa Recorte 01","81626","1003","0","0","CACAMBA M 40 POP","Estoque","",""
"2026-05-20","Prensa Debrum 03","81626","750","0","0","CACAMBA M 40 POP","Estoque","",""
"2026-05-20","Rodadeira 01","81667","750","1","0","CACAMBA M 40 CONST GALV","Estoque","",""
"2026-05-20","Prensa Recorte 02","81626","900","0","0","CACAMBA M 40 POP","Estoque","",""
"2026-05-20","Rodadeira 01","81667","801","2","0","CACAMBA M 40 CONST GALV","Estoque","",""
"2026-05-20","Perfil ""U"" BR200 Regiane","00651A","392","0","0","PERFIL US 50X25X1,80","Estoque","",""
"2026-05-20","Perfil ""U"" BR200 Regiane","00670K","113","0","0","PERFIL UE 75X40X15X1,95 GALV","Estoque","",""
"2026-05-20","Perfil ""U"" ZL","00671B","112","0","0","PERFIL UE 100X40X17X2,00","Estoque","",""
"2026-05-20","Perfil ""U"" Marafon","00670B","204","0","0","PERFIL UE 75X40X15X2,00","Estoque","",""
"2026-05-20","Perfil ""U"" Marafon","00670C","330","0","0","PERFIL UE 75X40X15X2,25","Estoque","",""
"2026-05-21","Prensa Estampa 04","81627","475","7","0","CACAMBA M 40 POP GALV","Estoque","",""
"2026-05-21","Prensa Estampa 09","81667","1021","20","0","CACAMBA M 40 CONST GALV","Estoque","",""
"2026-05-21","Prensa Estampa 09","81053","145","5","0","CACAMBA M 40 CONSTRUTOR","Estoque","",""
"2026-05-21","Prensa Recorte 01","81626","219","0","0","CACAMBA M 40 POP","Estoque","",""
"2026-05-21","Prensa Recorte 01","81627","448","0","0","CACAMBA M 40 POP GALV","Estoque","",""
"2026-05-21","Rodadeira 01","81667","800","1","0","CACAMBA M 40 CONST GALV","Estoque","",""
"2026-05-21","Prensa Recorte 02","81626","387","0","0","CACAMBA M 40 POP","Estoque","",""
"2026-05-21","Prensa Recorte 02","81627","448","0","0","CACAMBA M 40 POP GALV","Estoque","",""
"2026-05-21","Rodadeira 03","81667","415","15","0","CACAMBA M 40 CONST GALV","Estoque","",""
"2026-05-21","Prensa Debrum 03","81626","586","0","0","CACAMBA M 40 POP","Estoque","",""
"2026-05-21","Prensa Debrum 03","81053F","404","0","0","CACAMBA M 40 CONSTRUTOR FUZIL","Estoque","",""
"2026-05-21","Prensa Debrum 03","81667","1120","17","0","CACAMBA M 40 CONST GALV","Estoque","",""
"2026-05-21","Prensa Recorte 02","81667","1850","0","0","CACAMBA M 40 CONST GALV","Estoque","",""
"2026-05-22","Perf. Telha Trapezoidal Marafon","02007","11","0","0","TELHA GALVALUME TP 40 0,43MM 7,00M","Estoque","",""
"2026-05-22","Perf. Telha Trapezoidal Marafon","02005","10","0","0","TELHA GALVALUME TP 40 0,43MM 5,00M","Estoque","",""
"2026-05-22","Perf. Telha Trapezoidal Marafon","02006","10","0","0","TELHA GALVALUME TP 40 0,43MM 6,00M","Estoque","",""
"2026-05-22","Perf. Telha Trapezoidal Marafon","02000","25","0","0","TELHA GALVALUME TP 40 0,43MM","Estoque","",""
"2026-05-22","Perf. Telha Trapezoidal Marafon","02006","25","0","0","TELHA GALVALUME TP 40 0,43MM 6,00M","Estoque","",""
"2026-05-22","Perf. Telha Trapezoidal Marafon","02005","34","0","0","TELHA GALVALUME TP 40 0,43MM 5,00M","Estoque","",""
"2026-05-22","Perf. Telha Trapezoidal Marafon","02005","89","0","0","TELHA GALVALUME TP 40 0,43MM 5,00M","Estoque","",""
"2026-05-22","Perf. Telha Trapezoidal Marafon","02000","89","0","0","TELHA GALVALUME TP 40 0,43MM","Estoque","",""
"2026-05-22","Corte","00691","1097","0","0","CORT DOBRA VERGALHAO CA60 5,00MM","Estoque","",""
"2026-05-22","Dobra","00691D","8","0","0","DOBRA VERGALHAO CA60 5,00MM","Estoque","",""
"2026-05-22","Dobra","00694D","400","0","0","DOBRA VERGALHAO CA50 3/8"" (10,00MM)","Estoque","",""
"2026-05-22","Perfil ""U"" ZL","00672K","482","0","0","PERFIL UE 100X50X17X1,95 GALV","Estoque","",""
"2026-05-22","Perfil ""U"" BR200 Regiane","00652K","115","0","0","PERFIL US 68X30X1,95 GALV","Estoque","",""
"2026-05-25","Corte","00695","151","0","0","CORT DOBRA VERGALHAO CA50 1/2"" (12,50MM)","Estoque","",""
"2026-05-25","Dobra","00691D","280","0","0","DOBRA VERGALHAO CA60 5,00MM","Estoque","",""
"2026-05-25","Dobra","00696D","70","0","0","DOBRA VERGALHAO CA50 5/8"" (16,00MM)","Estoque","",""
"2026-05-25","Perf. Telha Trapezoidal Marafon","02000","6","0","0","TELHA GALVALUME TP 40 0,43MM","Estoque","",""
"2026-05-22","Prensa Debrum 03","81053F","520","0","0","CACAMBA M 40 CONSTRUTOR FUZIL","Estoque","",""
"2026-05-22","Prensa Debrum 03","81627","151","0","0","CACAMBA M 40 POP GALV","Estoque","",""
"2026-05-22","Prensa Recorte 02","81627","1030","0","0","CACAMBA M 40 POP GALV","Estoque","",""
"2026-05-22","Rodadeira 01","81627","540","0","0","CACAMBA M 40 POP GALV","Estoque","",""
"2026-05-22","Rodadeira 03","81667","423","0","0","CACAMBA M 40 CONST GALV","Estoque","",""
"2026-05-23","Rodadeira 02","81667","400","0","0","CACAMBA M 40 CONST GALV","Estoque","",""
"2026-05-22","Rodadeira 01","81667","1300","0","0","CACAMBA M 40 CONST GALV","Estoque","",""
"2026-05-22","Prensa Recorte 02","81667","610","0","0","CACAMBA M 40 CONST GALV","Estoque","",""
"2026-05-22","Prensa Recorte 02","81053","800","0","0","CACAMBA M 40 CONSTRUTOR","Estoque","",""
"2026-05-22","Prensa Recorte 02","81667","400","0","0","CACAMBA M 40 CONST GALV","Estoque","",""
"2026-05-22","Prensa Estampa 09","81053","350","2","0","CACAMBA M 40 CONSTRUTOR","Estoque","",""
"2026-05-22","Prensa Estampa 09","81667","860","10","0","CACAMBA M 40 CONST GALV","Estoque","",""
"2026-05-22","Prensa Estampa 04","81627","160","2","0","CACAMBA M 40 POP GALV","Estoque","",""
"2026-05-22","Prensa Recorte 01","81627","930","0","0","CACAMBA M 40 POP GALV","Estoque","",""
"2026-05-25","Prensa Estampa 09","81667","1200","15","0","CACAMBA M 40 CONST GALV","Estoque","",""
"2026-05-25","Rodadeira 01","81667","860","0","0","CACAMBA M 40 CONST GALV","Estoque","",""
"2026-05-25","Prensa Recorte 02","81627","1064","0","0","CACAMBA M 40 POP GALV","Estoque","",""
"2026-05-25","Rodadeira 03","81667","240","0","0","CACAMBA M 40 CONST GALV","Estoque","",""
"2026-05-25","Prensa Debrum 03","81627","1206","0","0","CACAMBA M 40 POP GALV","Estoque","",""
"2026-05-25","Rodadeira 01","81667","1200","0","0","CACAMBA M 40 CONST GALV","Estoque","",""
"2026-05-25","Prensa Recorte 02","81667","1800","0","0","CACAMBA M 40 CONST GALV","Estoque","",""
"2026-05-25","Perfil ""U"" ZL","00672C","109","0","0","PERFIL UE 100X50X17X2,25","Estoque","",""
"2026-05-25","Perfil ""U"" Marafon","00653K","99","0","0","PERFIL US 75X40X1,95 GALV","Estoque","",""
"2026-05-25","Perfil ""U"" BR200 Regiane","00652K","242","0","0","PERFIL US 68X30X1,95 GALV","Estoque","",""
"2026-05-26","Corte","00695","154","0","0","CORT DOBRA VERGALHAO CA50 1/2"" (12,50MM)","Estoque","",""
"2026-05-26","Dobra","00692D","840","0","0","DOBRA VERGALHAO CA50 1/4"" (6,30MM)","Estoque","",""
"2026-05-26","Dobra","00696D","42","0","0","DOBRA VERGALHAO CA50 5/8"" (16,00MM)","Estoque","",""
"2026-05-26","Dobra","00690D","150","0","0","DOBRA VERGALHAO CA60 4,20MM","Estoque","",""
"2026-05-26","Perf. Telha Trapezoidal Marafon","02006","23","0","0","TELHA GALVALUME TP 40 0,43MM 6,00M","Estoque","",""
"2026-05-26","Corte","00690","1554","0","0","DOBRA VERGALHAO CA60 4,20MM","Estoque","",""
"2026-05-27","Dobra","00695D","363","0","0","DOBRA VERGALHAO CA50 1/2"" (12,50MM)","Estoque","",""
"2026-05-27","Dobra","00690D","150","0","0","DOBRA VERGALHAO CA60 4,20MM","Estoque","",""
"2026-05-26","Perfil ""U"" ZL","00656K","81","0","0","PERFIL US 100X50X1,95 GALV","Estoque","",""
"2026-05-26","Perfil ""U"" Marafon","00653K","532","0","0","PERFIL US 75X40X1,95 GALV","Estoque","",""
"2026-05-26","Perfil ""U"" BR200 Regiane","00652K","123","0","0","PERFIL US 68X30X1,95 GALV","Estoque","",""
"2026-05-26","Perfil ""U"" BR200 Regiane","00652B","225","0","0","PERFIL US 68X30X2,00","Estoque","",""
"2026-05-27","Perfil ""U"" ZL","00656K","95","0","0","PERFIL US 100X50X1,95 GALV","Estoque","",""
"2026-05-27","Perfil ""U"" BR200 Regiane","00652B","90","0","0","PERFIL US 68X30X2,00","Estoque","",""
"2026-05-26","Prensa Recorte 02","81627","1137","0","0","CACAMBA M 40 POP GALV","Estoque","",""
"2026-05-26","Prensa Recorte 02","81667","850","0","0","CACAMBA M 40 CONST GALV","Estoque","",""
"2026-05-26","Prensa Recorte 02","81627","1107","0","0","CACAMBA M 40 POP GALV","Estoque","",""
"2026-05-26","Rodadeira 03","81667","425","0","0","CACAMBA M 40 CONST GALV","Estoque","",""
"2026-05-26","Prensa Estampa 09","81667","1230","20","0","CACAMBA M 40 CONST GALV","Estoque","",""
"2026-05-26","Prensa Recorte 02","81667","1320","0","0","CACAMBA M 40 CONST GALV","Estoque","",""
"2026-05-28","Perf. Telha Trapezoidal Marafon","02000","106","0","0","TELHA GALVALUME TP 40 0,43MM","Estoque","",""
"2026-05-28","Perf. Telha Trapezoidal Marafon","02006","32","0","0","TELHA GALVALUME TP 40 0,43MM 6,00M","Estoque","",""
"2026-05-28","Perf. Telha Trapezoidal Marafon","02004","32","0","0","TELHA GALVALUME TP 40 0,43MM 4,00M","Estoque","",""
"2026-05-28","Perf. Telha Trapezoidal Marafon","02000","78","0","0","TELHA GALVALUME TP 40 0,43MM","Estoque","",""
"2026-05-28","Perf. Telha Trapezoidal Marafon","02004","11","0","0","TELHA GALVALUME TP 40 0,43MM 4,00M","Estoque","",""
"2026-05-28","Perf. Telha Trapezoidal Marafon","02003","4","0","0","TELHA GALVALUME TP 40 0,43MM 3,00M","Estoque","",""
"2026-05-28","Perf. Telha Trapezoidal Marafon","02000","7","0","0","TELHA GALVALUME TP 40 0,43MM","Estoque","",""
"2026-05-28","Perf. Telha Trapezoidal Marafon","02006","100","0","0","TELHA GALVALUME TP 40 0,43MM 6,00M","Estoque","",""
"2026-05-28","Perf. Telha Trapezoidal Marafon","02005","100","0","0","TELHA GALVALUME TP 40 0,43MM 5,00M","Estoque","",""
"2026-05-28","Perf. Telha Trapezoidal Marafon","02004","100","0","0","TELHA GALVALUME TP 40 0,43MM 4,00M","Estoque","",""
"2026-05-28","Perf. Telha Trapezoidal Marafon","02007","100","0","0","TELHA GALVALUME TP 40 0,43MM 7,00M","Estoque","",""
"2026-05-28","Dobra","00690D","700","0","0","DOBRA VERGALHAO CA60 4,20MM","Estoque","",""
"2026-05-28","Dobra","00694D","280","0","0","DOBRA VERGALHAO CA50 3/8"" (10,00MM)","Estoque","",""
"2026-05-27","Perfil ""U"" Marafon","00653B","561","0","0","PERFIL US 75X40X2,00","Estoque","",""
"2026-05-28","Perfil ""U"" Marafon","00653B","421","0","0","PERFIL US 75X40X2,00","Estoque","",""
"2026-05-28","Perfil ""U"" ZL","00656B","203","0","0","PERFIL US 100X50X2,00","Estoque","",""
"2026-05-28","Perfil ""U"" BR200 Regiane","00652B","116","0","0","PERFIL US 68X30X2,00","Estoque","",""
"2026-05-29","Perf. Telha Trapezoidal Marafon","02006","200","0","0","TELHA GALVALUME TP 40 0,43MM 6,00M","Estoque","",""
"2026-05-29","Perf. Telha Trapezoidal Marafon","02000","108","0","0","TELHA GALVALUME TP 40 0,43MM","Estoque","",""
"2026-05-29","Perf. Telha Trapezoidal Marafon","02006","10","0","0","TELHA GALVALUME TP 40 0,43MM 6,00M","Estoque","",""
"2026-05-29","Perf. Telha Trapezoidal Marafon","02000","7","0","0","TELHA GALVALUME TP 40 0,43MM","Estoque","",""
"2026-05-29","Perf. Telha Trapezoidal Marafon","02004","3","0","0","TELHA GALVALUME TP 40 0,43MM 4,00M","Estoque","",""
"2026-05-29","Perf. Telha Trapezoidal Marafon","02000","73","0","0","TELHA GALVALUME TP 40 0,43MM","Estoque","",""
"2026-05-29","Perf. Telha Trapezoidal Marafon","02000","291","0","0","TELHA GALVALUME TP 40 0,43MM","Estoque","",""
"2026-05-29","Perf. Telha Trapezoidal Marafon","02000","22","0","0","TELHA GALVALUME TP 40 0,43MM","Estoque","",""
"2026-05-29","Perf. Telha Trapezoidal Marafon","02003","8","0","0","TELHA GALVALUME TP 40 0,43MM 3,00M","Estoque","",""
"2026-05-29","Perf. Telha Trapezoidal Marafon","02006","59","0","0","TELHA GALVALUME TP 40 0,43MM 6,00M","Estoque","",""
"2026-05-29","Corte","00690","1610","0","0","DOBRA VERGALHAO CA60 4,20MM","Estoque","",""
"2026-05-29","Dobra","00694D","300","0","0","DOBRA VERGALHAO CA50 3/8"" (10,00MM)","Estoque","",""
"2026-05-29","Dobra","00693D","430","0","0","DOBRA VERGALHAO CA50 5/16"" (8,00MM)","Estoque","",""
"2026-05-29","Perfil ""U"" Marafon","00653B","511","0","0","PERFIL US 75X40X2,00","Estoque","",""
"2026-05-29","Perfil ""U"" Marafon","00652B","293","0","0","PERFIL US 68X30X2,00","Estoque","",""
"2026-05-27","Rodadeira 01","81667","1110","0","0","CACAMBA M 40 CONST GALV","Estoque","",""
"2026-05-27","Rodadeira 01","81667","400","0","0","CACAMBA M 40 CONST GALV","Estoque","",""
"2026-05-27","Rodadeira 01","81667","1200","0","0","CACAMBA M 40 CONST GALV","Estoque","",""
"2026-05-27","Prensa Recorte 02","81627","615","0","0","CACAMBA M 40 POP GALV","Estoque","",""
"2026-05-27","Prensa Recorte 02","81626","380","0","0","CACAMBA M 40 POP","Estoque","",""
"2026-05-27","Rodadeira 03","81667","540","0","0","CACAMBA M 40 CONST GALV","Estoque","",""
"2026-05-27","Prensa Recorte 02","81667","1900","0","0","CACAMBA M 40 CONST GALV","Estoque","",""
"2026-05-27","Prensa Debrum 03","81627","737","0","0","CACAMBA M 40 POP GALV","Estoque","",""
"2026-05-27","Prensa Debrum 03","81626","122","0","0","CACAMBA M 40 POP","Estoque","",""
"2026-05-27","Rodadeira 01","81667","831","0","0","CACAMBA M 40 CONST GALV","Estoque","",""
"2026-05-28","Prensa Recorte 02","81667","1440","0","0","CACAMBA M 40 CONST GALV","Estoque","",""
"2026-05-28","Prensa Estampa 09","81667","1110","10","0","CACAMBA M 40 CONST GALV","Estoque","",""
"2026-05-28","Rodadeira 02","81058","750","0","0","CACAMBA M 75 PLUS","Estoque","",""
"2026-05-28","Prensa Debrum 03","81058","819","0","0","CACAMBA M 75 PLUS","Estoque","",""
"2026-05-28","Rodadeira 03","81667","257","0","0","CACAMBA M 40 CONST GALV","Estoque","",""
"2026-05-28","Prensa Recorte 02","81058","1155","0","0","CACAMBA M 75 PLUS","Estoque","",""
"2026-05-28","Rodadeira 01","81667","800","0","0","CACAMBA M 40 CONST GALV","Estoque","",""
"2026-05-28","Prensa Estampa 09","81667","1234","10","0","CACAMBA M 40 CONST GALV","Estoque","",""
"2026-05-29","Prensa Recorte 01","81627","1200","0","0","CACAMBA M 40 POP GALV","Estoque","",""
"2026-05-29","Prensa Recorte 02","81627","1000","0","0","CACAMBA M 40 POP GALV","Estoque","",""
"2026-05-29","Prensa Recorte 02","81667","1130","0","0","CACAMBA M 40 CONST GALV","Estoque","",""
"2026-05-29","Rodadeira 01","81667","860","0","0","CACAMBA M 40 CONST GALV","Estoque","",""
"2026-05-29","Rodadeira 02","81627","1060","0","0","CACAMBA M 40 POP GALV","Estoque","",""
"2026-05-29","Prensa Estampa 09","81667","1005","35","0","CACAMBA M 40 CONST GALV","Estoque","",""
"2026-05-30","Rodadeira 02","81667","420","3","0","CACAMBA M 40 CONST GALV","Estoque","",""
"2026-06-01","Perf. Telha Trapezoidal Marafon","02006","100","0","0","TELHA GALVALUME TP 40 0,43MM 6,00M","Estoque","",""
"2026-06-01","Perf. Telha Trapezoidal Marafon","02005","100","0","0","TELHA GALVALUME TP 40 0,43MM 5,00M","Estoque","",""
"2026-06-01","Perf. Telha Trapezoidal Marafon","02007","100","0","0","TELHA GALVALUME TP 40 0,43MM 7,00M","Estoque","",""
"2026-06-01","Perf. Telha Trapezoidal Marafon","02000","4","0","0","TELHA GALVALUME TP 40 0,43MM","Estoque","",""
"2026-06-01","Perf. Telha Trapezoidal Marafon","02007","26","0","0","TELHA GALVALUME TP 40 0,43MM 7,00M","Estoque","",""
"2026-06-01","Perf. Telha Trapezoidal Marafon","02006","46","0","0","TELHA GALVALUME TP 40 0,43MM 6,00M","Estoque","",""
"2026-06-01","Perf. Telha Trapezoidal Marafon","02004","17","0","0","TELHA GALVALUME TP 40 0,43MM 4,00M","Estoque","",""
"2026-06-01","Perf. Telha Trapezoidal Marafon","02003","17","0","0","TELHA GALVALUME TP 40 0,43MM 3,00M","Estoque","",""
"2026-06-01","Perf. Telha Trapezoidal Marafon","02006","140","0","0","TELHA GALVALUME TP 40 0,43MM 6,00M","Estoque","",""
"2026-06-01","Perf. Telha Trapezoidal Marafon","02005","40","0","0","TELHA GALVALUME TP 40 0,43MM 5,00M","Estoque","",""
"2026-06-01","Perf. Telha Trapezoidal Marafon","02007","39","0","0","TELHA GALVALUME TP 40 0,43MM 7,00M","Estoque","",""
"2026-06-01","Perf. Telha Trapezoidal Marafon","02006","1","0","0","TELHA GALVALUME TP 40 0,43MM 6,00M","Estoque","",""
"2026-06-01","Perf. Telha Trapezoidal Marafon","02007","61","0","0","TELHA GALVALUME TP 40 0,43MM 7,00M","Estoque","",""
"2026-06-01","Perf. Telha Trapezoidal Marafon","02005","100","0","0","TELHA GALVALUME TP 40 0,43MM 5,00M","Estoque","",""
"2026-06-01","Perf. Telha Trapezoidal Marafon","02004","100","0","0","TELHA GALVALUME TP 40 0,43MM 4,00M","Estoque","",""
"2026-06-01","Perf. Telha Ondulada V8","02017","15","0","0","TELHA GALVALUME OND 17 0,43MM 7,00M","Estoque","",""
"2026-06-01","Perf. Telha Ondulada V8","02016","50","0","0","TELHA GALVALUME OND 17 0,43MM 6,00M","Estoque","",""
"2026-06-01","Perf. Telha Ondulada V8","02014","13","0","0","TELHA GALVALUME OND 17 0,43MM 4,00M","Estoque","",""
"2026-06-01","Perf. Telha Ondulada V8","02000","8","0","0","TELHA GALVALUME TP 40 0,43MM","Estoque","",""
"2026-06-01","Perf. Telha Ondulada V8","02000","135","0","0","TELHA GALVALUME TP 40 0,43MM","Estoque","",""
"2026-06-02","Perf. Telha Trapezoidal Marafon","02006","100","0","0","TELHA GALVALUME TP 40 0,43MM 6,00M","Estoque","",""
"2026-06-02","Perf. Telha Trapezoidal Marafon","02003","18","0","0","TELHA GALVALUME TP 40 0,43MM 3,00M","Estoque","",""
"2026-06-02","Perf. Telha Trapezoidal Marafon","02003","82","0","0","TELHA GALVALUME TP 40 0,43MM 3,00M","Estoque","",""
"2026-06-02","Perf. Telha Trapezoidal Marafon","02000","18","0","0","TELHA GALVALUME TP 40 0,43MM","Estoque","",""
"2026-06-02","Perf. Telha Trapezoidal Marafon","02006","2","0","0","TELHA GALVALUME TP 40 0,43MM 6,00M","Estoque","",""
"2026-06-02","Perf. Telha Trapezoidal Marafon","02000","18","0","0","TELHA GALVALUME TP 40 0,43MM","Estoque","",""
"2026-06-02","Perf. Telha Trapezoidal Marafon","02006","70","0","0","TELHA GALVALUME TP 40 0,43MM 6,00M","Estoque","",""
"2026-06-02","Perf. Telha Trapezoidal Marafon","02008","48","0","0","TELHA GALVALUME TP 40 0,43MM 8,00M","Estoque","",""
"2026-06-02","Perf. Telha Trapezoidal Marafon","02007","101","0","0","TELHA GALVALUME TP 40 0,43MM 7,00M","Estoque","",""
"2026-06-02","Perf. Telha Trapezoidal Marafon","02007","29","0","0","TELHA GALVALUME TP 40 0,43MM 7,00M","Estoque","",""
"2026-06-02","Perf. Telha Trapezoidal Marafon","02000","98","0","0","TELHA GALVALUME TP 40 0,43MM","Estoque","",""
"2026-06-02","Perf. Telha Trapezoidal Marafon","02006","3","0","0","TELHA GALVALUME TP 40 0,43MM 6,00M","Estoque","",""
"2026-06-02","Perf. Telha Trapezoidal Marafon","02003","2","0","0","TELHA GALVALUME TP 40 0,43MM 3,00M","Estoque","",""
"2026-06-01","Prensa Estampa 09","81667","1054","20","0","CACAMBA M 40 CONST GALV","Estoque","",""
"2026-06-01","Prensa Estampa 09","81667","84","20","0","CACAMBA M 40 CONST GALV","Estoque","",""
"2026-06-01","Prensa Estampa 09","81667","600","0","0","CACAMBA M 40 CONST GALV","Estoque","",""
"2026-06-01","Rodadeira 01","81667","800","0","0","CACAMBA M 40 CONST GALV","Estoque","",""
"2026-06-01","Rodadeira 02","81627","200","0","0","CACAMBA M 40 POP GALV","Estoque","",""
"2026-06-01","Rodadeira 02","81626","870","0","0","CACAMBA M 40 POP","Estoque","",""
"2026-06-01","Prensa Debrum 03","81626","704","0","0","CACAMBA M 40 POP","Estoque","",""
"2026-06-01","Prensa Debrum 03","81627","202","0","0","CACAMBA M 40 POP GALV","Estoque","",""
"2026-06-01","Prensa Debrum 03","81626","1478","0","0","CACAMBA M 40 POP","Estoque","",""
"2026-06-01","Prensa Debrum 03","81823","200","0","0","CACAMBA M 50 5.0","Estoque","",""
"2026-06-01","Prensa Recorte 02","81667","1700","0","0","CACAMBA M 40 CONST GALV","Estoque","",""
"2026-06-01","Perfil ""U"" ZL","00656E","132","0","0","PERFIL US 100X50X3,00","Estoque","",""
"2026-06-01","Perfil ""U"" Marafon","00653C","108","0","0","PERFIL US 75X40X2,25","Estoque","",""
"2026-06-01","Perfil ""U"" Marafon","00653K","336","0","0","PERFIL US 75X40X1,95 GALV","Estoque","",""
"2026-06-01","Perfil ""U"" Marafon","00653L","180","0","0","PERFIL US 75X40X2,30 GALV","Estoque","",""
"2026-06-02","Perfil ""U"" ZL","00676B","242","0","0","PERFIL UE 150X60X20X2,00","Estoque","",""
"2026-06-02","Perfil ""U"" Marafon","00653L","182","0","0","PERFIL US 75X40X2,30 GALV","Estoque","",""
"2026-06-02","Dobra","00694D","110","0","0","DOBRA VERGALHAO CA50 3/8"" (10,00MM)","Estoque","",""
"2026-06-03","Corte","00691","1103","0","0","CORT DOBRA VERGALHAO CA60 5,00MM","Estoque","",""
"2026-06-03","Dobra","00694D","560","0","0","DOBRA VERGALHAO CA50 3/8"" (10,00MM)","Estoque","",""
"2026-06-03","Perf. Telha Ondulada V8","02017","100","0","0","TELHA GALVALUME OND 17 0,43MM 7,00M","Estoque","",""
"2026-06-03","Perf. Telha Ondulada V8","02016","100","0","0","TELHA GALVALUME OND 17 0,43MM 6,00M","Estoque","",""
"2026-06-03","Perf. Telha Ondulada V8","02013","100","0","0","TELHA GALVALUME OND 17 0,43MM 3,00M","Estoque","",""
"2026-06-03","Perf. Telha Trapezoidal Marafon","02006","52","0","0","TELHA GALVALUME TP 40 0,43MM 6,00M","Estoque","",""
"2026-06-03","Perf. Telha Trapezoidal Marafon","02003","72","0","0","TELHA GALVALUME TP 40 0,43MM 3,00M","Estoque","",""
"2026-06-03","Perf. Telha Trapezoidal Marafon","02020","24","0","0","TELHA CUMEEIRA GL TRAP 40 ABAS 300MM","Estoque","",""
"2026-06-03","Perf. Telha Trapezoidal Marafon","02006","200","0","0","TELHA GALVALUME TP 40 0,43MM 6,00M","Estoque","",""
"2026-06-03","Perf. Telha Trapezoidal Marafon","02005","200","0","0","TELHA GALVALUME TP 40 0,43MM 5,00M","Estoque","",""
"2026-06-03","Perf. Telha Trapezoidal Marafon","02007","100","0","0","TELHA GALVALUME TP 40 0,43MM 7,00M","Estoque","",""
"2026-06-03","Perfil ""U"" ZL","00676C","75","0","0","PERFIL UE 150X60X20X2,25","Estoque","",""
"2026-06-03","Perfil ""U"" Marafon","00653E","67","0","0","PERFIL US 75X40X3,00","Estoque","",""
"2026-06-03","Prensa Estampa 09","81667","1035","30","0","CACAMBA M 40 CONST GALV","Estoque","",""
"2026-06-03","Rodadeira 01","81667","1323","0","0","CACAMBA M 40 CONST GALV","Estoque","",""
"2026-06-03","Rodadeira 01","81667","60","0","0","CACAMBA M 40 CONST GALV","Estoque","",""
"2026-06-03","Rodadeira 01","81823","422","10","0","CACAMBA M 50 5.0","Estoque","",""
"2026-06-03","Prensa Debrum 03","81823","1330","0","0","CACAMBA M 50 5.0","Estoque","",""
"2026-06-03","Rodadeira 02","81823","1000","0","0","CACAMBA M 50 5.0","Estoque","",""
"2026-06-03","Rodadeira 03","81667","800","0","0","CACAMBA M 40 CONST GALV","Estoque","",""
"2026-06-03","Prensa Recorte 01","81823","378","0","0","CACAMBA M 50 5.0","Estoque","",""
"2026-06-03","Prensa Recorte 01","81627","661","0","0","CACAMBA M 40 POP GALV","Estoque","",""
"2026-06-05","Corte","00691","2191","0","0","CORT DOBRA VERGALHAO CA60 5,00MM","Estoque","",""
"2026-06-05","Dobra","00693D","420","0","0","DOBRA VERGALHAO CA50 5/16"" (8,00MM)","Estoque","",""
"2026-06-05","Dobra","00692D","420","0","0","DOBRA VERGALHAO CA50 1/4"" (6,30MM)","Estoque","",""
"2026-06-05","Rodadeira 02","81627","900","0","0","CACAMBA M 40 POP GALV","Estoque","",""
"2026-06-05","Rodadeira 01","81823","100","0","0","CACAMBA M 50 5.0","Estoque","",""
"2026-06-05","Rodadeira 01","81626","600","0","0","CACAMBA M 40 POP","Estoque","",""
"2026-06-05","Prensa Debrum 03","81823","268","0","0","CACAMBA M 50 5.0","Estoque","",""
"2026-06-05","Prensa Debrum 03","81627","1332","0","0","CACAMBA M 40 POP GALV","Estoque","",""
"2026-06-05","Prensa Recorte 01","81627","850","0","0","CACAMBA M 40 POP GALV","Estoque","",""
"2026-06-05","Prensa Recorte 01","81054","305","0","0","CACAMBA M 75 MASTER","Estoque","",""
"2026-06-05","Rodadeira 03","81667","705","0","0","CACAMBA M 40 CONST GALV","Estoque","",""
"2026-06-05","Rodadeira 01","81667","500","0","0","CACAMBA M 40 CONST GALV","Estoque","",""
"2026-06-05","Prensa Recorte 02","81667","1411","0","0","CACAMBA M 40 CONST GALV","Estoque","",""
"2026-06-05","Prensa Recorte 02","81053","60","0","0","CACAMBA M 40 CONSTRUTOR","Estoque","",""
"2026-06-05","Prensa Recorte 02","81667","61","3","0","CACAMBA M 40 CONST GALV","Estoque","",""
"2026-06-05","Prensa Recorte 02","81053","908","15","0","CACAMBA M 40 CONSTRUTOR","Estoque","",""
"2026-06-05","Rodadeira 03","81667","620","0","0","CACAMBA M 40 CONST GALV","Estoque","",""
"2026-06-05","Perf. Telha Trapezoidal Marafon","02008","100","0","0","TELHA GALVALUME TP 40 0,43MM 8,00M","Estoque","",""
"2026-06-05","Perf. Telha Trapezoidal Marafon","02000","443","0","0","TELHA GALVALUME TP 40 0,43MM","Estoque","",""
"2026-06-05","Perf. Telha Trapezoidal Marafon","02004","6","0","0","TELHA GALVALUME TP 40 0,43MM 4,00M","Estoque","",""
"2026-06-05","Perf. Telha Trapezoidal Marafon","02003","3","0","0","TELHA GALVALUME TP 40 0,43MM 3,00M","Estoque","",""
"2026-06-05","Perf. Telha Trapezoidal Marafon","02008","20","0","0","TELHA GALVALUME TP 40 0,43MM 8,00M","Estoque","",""
"2026-06-05","Perf. Telha Trapezoidal Marafon","02007","10","0","0","TELHA GALVALUME TP 40 0,43MM 7,00M","Estoque","",""
"2026-06-05","Perf. Telha Trapezoidal Marafon","02006","100","0","0","TELHA GALVALUME TP 40 0,43MM 6,00M","Estoque","",""
"2026-06-05","Perf. Telha Trapezoidal Marafon","02005","100","0","0","TELHA GALVALUME TP 40 0,43MM 5,00M","Estoque","",""
"2026-06-05","Perf. Telha Trapezoidal Marafon","02004","100","0","0","TELHA GALVALUME TP 40 0,43MM 4,00M","Estoque","",""
"2026-06-05","Perf. Telha Ondulada V8","02015","100","0","0","TELHA GALVALUME OND 17 0,43MM 5,00M","Estoque","",""
"2026-06-05","Perf. Telha Ondulada V8","02014","100","0","0","TELHA GALVALUME OND 17 0,43MM 4,00M","Estoque","",""
"2026-06-08","Perf. Telha Trapezoidal Marafon","02006","300","0","0","TELHA GALVALUME TP 40 0,43MM 6,00M","Estoque","",""
"2026-06-08","Perf. Telha Trapezoidal Marafon","02004","100","0","0","TELHA GALVALUME TP 40 0,43MM 4,00M","Estoque","",""
"2026-06-08","Perf. Telha Trapezoidal Marafon","02005","200","0","0","TELHA GALVALUME TP 40 0,43MM 5,00M","Estoque","",""
"2026-06-08","Perf. Telha Trapezoidal Marafon","02007","100","0","0","TELHA GALVALUME TP 40 0,43MM 7,00M","Estoque","",""
"2026-06-08","Perf. Telha Trapezoidal Marafon","02000","40","0","0","TELHA GALVALUME TP 40 0,43MM","Estoque","",""
"2026-06-08","Perf. Telha Trapezoidal Marafon","02020","100","0","0","TELHA CUMEEIRA GL TRAP 40 ABAS 300MM","Estoque","",""
"2026-06-08","Perf. Telha Ondulada V8","02016","100","0","0","TELHA GALVALUME OND 17 0,43MM 6,00M","Estoque","",""
"2026-06-08","Perf. Telha Ondulada V8","02015","100","0","0","TELHA GALVALUME OND 17 0,43MM 5,00M","Estoque","",""
"2026-06-08","Perf. Telha Ondulada V8","02014","100","0","0","TELHA GALVALUME OND 17 0,43MM 4,00M","Estoque","",""
"2026-06-08","Perf. Telha Ondulada V8","02016","101","0","0","TELHA GALVALUME OND 17 0,43MM 6,00M","Estoque","",""
"2026-06-08","Perf. Telha Ondulada V8","02013","100","0","0","TELHA GALVALUME OND 17 0,43MM 3,00M","Estoque","",""
"2026-06-08","Rodadeira 03","81667","700","0","0","CACAMBA M 40 CONST GALV","Estoque","",""
"2026-06-08","Prensa Estampa 09","81053","1391","13","0","CACAMBA M 40 CONSTRUTOR","Estoque","",""
"2026-06-08","Rodadeira 01","81054","360","0","0","CACAMBA M 75 MASTER","Estoque","",""
"2026-06-08","Rodadeira 02","81054","431","0","0","CACAMBA M 75 MASTER","Estoque","",""
"2026-06-08","Rodadeira 02","81627","150","0","0","CACAMBA M 40 POP GALV","Estoque","",""
"2026-06-08","Prensa Debrum 03","81627","155","0","0","CACAMBA M 40 POP GALV","Estoque","",""
"2026-06-08","Prensa Debrum 03","81054","652","0","0","CACAMBA M 75 MASTER","Estoque","",""
"2026-06-08","Rodadeira 01","81667","191","0","0","CACAMBA M 40 CONST GALV","Estoque","",""
"2026-06-08","Rodadeira 01","81053","309","0","0","CACAMBA M 40 CONSTRUTOR","Estoque","",""
"2026-06-08","Prensa Recorte 02","81053","1270","0","0","CACAMBA M 40 CONSTRUTOR","Estoque","",""
"2026-06-08","Dobra","00692D","220","0","0","DOBRA VERGALHAO CA50 1/4"" (6,30MM)","Estoque","",""
"2026-06-08","Dobra","00690D","700","0","0","DOBRA VERGALHAO CA60 4,20MM","Estoque","",""
"2026-06-08","Dobra","00691D","550","0","0","DOBRA VERGALHAO CA60 5,00MM","Estoque","",""
"2026-06-09","Corte","00691","1089","0","0","CORT DOBRA VERGALHAO CA60 5,00MM","Estoque","",""
"2026-06-09","Dobra","00691D","1300","0","0","DOBRA VERGALHAO CA60 5,00MM","Estoque","",""
"2026-06-09","Dobra","00693D","140","0","0","DOBRA VERGALHAO CA50 5/16"" (8,00MM)","Estoque","",""
"2026-06-09","Perf. Telha Ondulada V8","02000","10","0","0","TELHA GALVALUME TP 40 0,43MM","Estoque","",""
"2026-06-09","Perf. Telha Ondulada V8","02015","100","0","0","TELHA GALVALUME OND 17 0,43MM 5,00M","Estoque","",""
"2026-06-09","Perf. Telha Ondulada V8","02014","100","0","0","TELHA GALVALUME OND 17 0,43MM 4,00M","Estoque","",""
"2026-06-09","Perf. Telha Trapezoidal Marafon","02006","300","0","0","TELHA GALVALUME TP 40 0,43MM 6,00M","Estoque","",""
"2026-06-09","Perf. Telha Trapezoidal Marafon","02004","100","0","0","TELHA GALVALUME TP 40 0,43MM 4,00M","Estoque","",""
"2026-06-09","Perf. Telha Trapezoidal Marafon","02007","200","0","0","TELHA GALVALUME TP 40 0,43MM 7,00M","Estoque","",""
"2026-06-09","Perf. Telha Trapezoidal Marafon","02000","264","0","0","TELHA GALVALUME TP 40 0,43MM","Estoque","",""
"2026-06-09","Perf. Telha Trapezoidal Marafon","02003","100","0","0","TELHA GALVALUME TP 40 0,43MM 3,00M","Estoque","",""
"2026-06-09","Rodadeira 01","81053","460","0","0","CACAMBA M 40 CONSTRUTOR","Estoque","",""
"2026-06-09","Rodadeira 01","81627","815","0","0","CACAMBA M 40 POP GALV","Estoque","",""
"2026-06-09","Rodadeira 02","81054","153","0","0","CACAMBA M 75 MASTER","Estoque","",""
"2026-06-09","Rodadeira 02","81627","800","0","0","CACAMBA M 40 POP GALV","Estoque","",""
"2026-06-09","Rodadeira 03","81053","830","0","0","CACAMBA M 40 CONSTRUTOR","Estoque","",""
"2026-06-09","Prensa Recorte 02","81053","1570","0","0","CACAMBA M 40 CONSTRUTOR","Estoque","",""
"2026-06-09","Prensa Recorte 02","81054","115","0","0","CACAMBA M 75 MASTER","Estoque","",""
"2026-06-09","Prensa Recorte 02","81627","1215","0","0","CACAMBA M 40 POP GALV","Estoque","",""
"2026-06-09","Prensa Debrum 03","81627","1090","0","0","CACAMBA M 40 POP GALV","Estoque","",""
"2026-06-09","Prensa Debrum 03","81054","229","0","0","CACAMBA M 75 MASTER","Estoque","",""
"2026-06-09","Prensa Estampa 09","81053","1211","6","0","CACAMBA M 40 CONSTRUTOR","Estoque","",""
"2026-06-10","Perf. Telha Trapezoidal Marafon","02003","100","0","0","TELHA GALVALUME TP 40 0,43MM 3,00M","Estoque","",""
"2026-06-10","Perf. Telha Trapezoidal Marafon","02004","100","0","0","TELHA GALVALUME TP 40 0,43MM 4,00M","Estoque","",""
"2026-06-10","Perf. Telha Trapezoidal Marafon","02005","100","0","0","TELHA GALVALUME TP 40 0,43MM 5,00M","Estoque","",""
"2026-06-10","Perf. Telha Trapezoidal Marafon","02006","100","0","0","TELHA GALVALUME TP 40 0,43MM 6,00M","Estoque","",""
"2026-06-10","Perf. Telha Trapezoidal Marafon","02000","20","0","0","TELHA GALVALUME TP 40 0,43MM","Estoque","",""
"2026-06-10","Perf. Telha Trapezoidal Marafon","02005","10","0","0","TELHA GALVALUME TP 40 0,43MM 5,00M","Estoque","",""
"2026-06-10","Perf. Telha Trapezoidal Marafon","02006","232","0","0","TELHA GALVALUME TP 40 0,43MM 6,00M","Estoque","",""
"2026-06-10","Perf. Telha Trapezoidal Marafon","02004","210","0","0","TELHA GALVALUME TP 40 0,43MM 4,00M","Estoque","",""
"2026-06-10","Perf. Telha Trapezoidal Marafon","02000","105","0","0","TELHA GALVALUME TP 40 0,43MM","Estoque","",""
"2026-06-10","Perf. Telha Trapezoidal Marafon","02004","14","0","0","TELHA GALVALUME TP 40 0,43MM 4,00M","Estoque","",""
"2026-06-10","Perf. Telha Trapezoidal Marafon","02003","13","0","0","TELHA GALVALUME TP 40 0,43MM 3,00M","Estoque","",""
"2026-06-10","Corte","00690","1111","0","0","DOBRA VERGALHAO CA60 4,20MM","Estoque","",""
"2026-06-10","Dobra","00693d","300","0","0","DOBRA VERGALHAO CA50 5/16"" (8,00MM)","Estoque","",""
"2026-06-10","Dobra","00695D","210","0","0","DOBRA VERGALHAO CA50 1/2"" (12,50MM)","Estoque","",""
"2026-06-11","Perf. Telha Trapezoidal Marafon","02008","2","0","0","TELHA GALVALUME TP 40 0,43MM 8,00M","Estoque","",""
"2026-06-11","Perf. Telha Trapezoidal Marafon","02000","4","0","0","TELHA GALVALUME TP 40 0,43MM","Estoque","",""
"2026-06-11","Perf. Telha Trapezoidal Marafon","02007","27","0","0","TELHA GALVALUME TP 40 0,43MM 7,00M","Estoque","",""
"2026-06-11","Perf. Telha Trapezoidal Marafon","02006","6","0","0","TELHA GALVALUME TP 40 0,43MM 6,00M","Estoque","",""
"2026-06-11","Perf. Telha Trapezoidal Marafon","02005","6","0","0","TELHA GALVALUME TP 40 0,43MM 5,00M","Estoque","",""
"2026-06-11","Perf. Telha Trapezoidal Marafon","02000","4","0","0","TELHA GALVALUME TP 40 0,43MM","Estoque","",""
"2026-06-11","Perf. Telha Trapezoidal Marafon","02003","10","0","0","TELHA GALVALUME TP 40 0,43MM 3,00M","Estoque","",""
"2026-06-11","Perf. Telha Trapezoidal Marafon","02000","116","0","0","TELHA GALVALUME TP 40 0,43MM","Estoque","",""
"2026-06-11","Perf. Telha Trapezoidal Marafon","02008","5","0","0","TELHA GALVALUME TP 40 0,43MM 8,00M","Estoque","",""
"2026-06-11","Perf. Telha Trapezoidal Marafon","02007","103","0","0","TELHA GALVALUME TP 40 0,43MM 7,00M","Estoque","",""
"2026-06-11","Perf. Telha Trapezoidal Marafon","02006","400","0","0","TELHA GALVALUME TP 40 0,43MM 6,00M","Estoque","",""
"2026-06-11","Perf. Telha Ondulada V8","02000","143","0","0","TELHA GALVALUME TP 40 0,43MM","Estoque","",""
"2026-06-11","Perf. Telha Ondulada V8","02017","33","0","0","TELHA GALVALUME OND 17 0,43MM 7,00M","Estoque","",""
"2026-06-11","Perf. Telha Ondulada V8","02015","25","0","0","TELHA GALVALUME OND 17 0,43MM 5,00M","Estoque","",""
"2026-06-11","Perf. Telha Ondulada V8","02016","5","0","0","TELHA GALVALUME OND 17 0,43MM 6,00M","Estoque","",""
"2026-06-11","Perf. Telha Ondulada V8","02016","25","0","0","TELHA GALVALUME OND 17 0,43MM 6,00M","Estoque","",""
"2026-06-11","Perf. Telha Ondulada V8","02014","20","0","0","TELHA GALVALUME OND 17 0,43MM 4,00M","Estoque","",""
"2026-06-11","Perf. Telha Ondulada V8","02013","7","0","0","TELHA GALVALUME OND 17 0,43MM 3,00M","Estoque","",""
"2026-06-11","Corte","00690","1508","0","0","DOBRA VERGALHAO CA60 4,20MM","Estoque","",""
"2026-06-11","Dobra","00692D","694","0","0","DOBRA VERGALHAO CA50 1/4"" (6,30MM)","Estoque","",""
"2026-06-09","Perfil ""U"" BR200 Regiane","00654B","220","0","0","PERFIL US 92X30X2,00","Estoque","",""
"2026-06-10","Perfil ""U"" BR200 Regiane","00654B","343","0","0","PERFIL US 92X30X2,00","Estoque","",""
"2026-06-11","Perfil ""U"" BR200 Regiane","00654B","119","0","0","PERFIL US 92X30X2,00","Estoque","",""
"2026-06-10","Prensa Recorte 02","81053","2050","0","0","CACAMBA M 40 CONSTRUTOR","Estoque","",""
"2026-06-10","Prensa Estampa 09","81053","1030","5","0","CACAMBA M 40 CONSTRUTOR","Estoque","",""
"2026-06-10","Prensa Debrum 03","81053","250","0","0","CACAMBA M 40 CONSTRUTOR","Estoque","",""
"2026-06-10","Rodadeira 02","81626","570","0","0","CACAMBA M 40 POP","Estoque","",""
"2026-06-10","Rodadeira 01","81626","494","0","0","CACAMBA M 40 POP","Estoque","",""
"2026-06-10","Rodadeira 01","81053","100","0","0","CACAMBA M 40 CONSTRUTOR","Estoque","",""
"2026-06-10","Rodadeira 03","81053","501","0","0","CACAMBA M 40 CONSTRUTOR","Estoque","",""
"2026-06-10","Prensa Recorte 01","81626","711","0","0","CACAMBA M 40 POP","Estoque","",""
"2026-06-11","Prensa Estampa 09","81053","1040","4","0","CACAMBA M 40 CONSTRUTOR","Estoque","",""
"2026-06-11","Prensa Recorte 02","81053","1000","0","0","CACAMBA M 40 CONSTRUTOR","Estoque","",""
"2026-06-11","Rodadeira 01","81053","350","15","0","CACAMBA M 40 CONSTRUTOR","Estoque","",""
"2026-06-11","Rodadeira 02","81626","900","0","0","CACAMBA M 40 POP","Estoque","",""
"2026-06-11","Prensa Debrum 03","81626","1147","0","0","CACAMBA M 40 POP","Estoque","",""
"2026-06-11","Rodadeira 03","81053","509","0","0","CACAMBA M 40 CONSTRUTOR","Estoque","",""
"2026-06-11","Prensa Debrum 03","81053","300","0","0","CACAMBA M 40 CONSTRUTOR","Estoque","",""
"2026-06-15","Perf. Telha Trapezoidal Marafon","02008","104","0","0","TELHA GALVALUME TP 40 0,43MM 8,00M","Estoque","",""
"2026-06-15","Perf. Telha Trapezoidal Marafon","02000","196","0","0","TELHA GALVALUME TP 40 0,43MM","Estoque","",""
"2026-06-15","Perf. Telha Trapezoidal Marafon","02005","202","0","0","TELHA GALVALUME TP 40 0,43MM 5,00M","Estoque","",""
"2026-06-15","Perf. Telha Trapezoidal Marafon","02004","300","0","0","TELHA GALVALUME TP 40 0,43MM 4,00M","Estoque","",""
"2026-06-15","Perf. Telha Trapezoidal Marafon","02003","35","0","0","TELHA GALVALUME TP 40 0,43MM 3,00M","Estoque","",""
"2026-06-15","Perf. Telha Trapezoidal Marafon","02006","1","0","0","TELHA GALVALUME TP 40 0,43MM 6,00M","Estoque","",""
"2026-06-15","Perf. Telha Trapezoidal Marafon","02020","17","0","0","TELHA CUMEEIRA GL TRAP 40 ABAS 300MM","Estoque","",""
"2026-06-15","Perf. Telha Ondulada V8","02016","23","0","0","TELHA GALVALUME OND 17 0,43MM 6,00M","Estoque","",""
"2026-06-15","Perf. Telha Ondulada V8","02000","36","0","0","TELHA GALVALUME TP 40 0,43MM","Estoque","",""
"2026-06-15","Perf. Telha Ondulada V8","02014","38","0","0","TELHA GALVALUME OND 17 0,43MM 4,00M","Estoque","",""
"2026-06-15","Dobra","00690D","560","0","0","DOBRA VERGALHAO CA60 4,20MM","Estoque","",""
"2026-06-15","Prensa Estampa 09","81053","614","5","0","CACAMBA M 40 CONSTRUTOR","Estoque","",""
"2026-06-15","Prensa Estampa 09","81667","550","15","0","CACAMBA M 40 CONST GALV","Estoque","",""
"2026-06-15","Rodadeira 02","81053","830","0","0","CACAMBA M 40 CONSTRUTOR","Estoque","",""
"2026-06-15","Rodadeira 02","81823","20","0","0","CACAMBA M 50 5.0","Estoque","",""
"2026-06-15","Prensa Recorte 01","81823","585","0","0","CACAMBA M 50 5.0","Estoque","",""
"2026-06-15","Prensa Recorte 01","81626","466","0","0","CACAMBA M 40 POP","Estoque","",""
"2026-06-15","Rodadeira 02","81823","815","0","0","CACAMBA M 50 5.0","Estoque","",""
"2026-06-15","Rodadeira 03","81053","305","0","0","CACAMBA M 40 CONSTRUTOR","Estoque","",""
"2026-06-15","Prensa Recorte 02","81053","167","0","0","CACAMBA M 40 CONSTRUTOR","Estoque","",""
"2026-06-16","Perf. Telha Trapezoidal Marafon","02006","24","0","0","TELHA GALVALUME TP 40 0,43MM 6,00M","Estoque","",""
"2026-06-16","Perf. Telha Trapezoidal Marafon","02000","283","0","0","TELHA GALVALUME TP 40 0,43MM","Estoque","",""
"2026-06-16","Perf. Telha Trapezoidal Marafon","02004","19","0","0","TELHA GALVALUME TP 40 0,43MM 4,00M","Estoque","",""
"2026-06-16","Perf. Telha Trapezoidal Marafon","02020","23","0","0","TELHA CUMEEIRA GL TRAP 40 ABAS 300MM","Estoque","",""
"2026-06-16","Perf. Telha Trapezoidal Marafon","02013","25","0","0","TELHA GALVALUME OND 17 0,43MM 3,00M","Estoque","",""
"2026-06-16","Perf. Telha Trapezoidal Marafon","02000","22","0","0","TELHA GALVALUME TP 40 0,43MM","Estoque","",""
"2026-06-16","Perf. Telha Trapezoidal Marafon","02006","300","0","0","TELHA GALVALUME TP 40 0,43MM 6,00M","Estoque","",""
"2026-06-16","Perf. Telha Trapezoidal Marafon","02003","100","0","0","TELHA GALVALUME TP 40 0,43MM 3,00M","Estoque","",""
"2026-06-16","Corte","00690","1524","0","0","DOBRA VERGALHAO CA60 4,20MM","Estoque","",""
"2026-06-17","Perf. Telha Trapezoidal Marafon","02003","100","0","0","TELHA GALVALUME TP 40 0,43MM 3,00M","Estoque","",""
"2026-06-17","Perf. Telha Trapezoidal Marafon","02007","200","0","0","TELHA GALVALUME TP 40 0,43MM 7,00M","Estoque","",""
"2026-06-17","Perf. Telha Trapezoidal Marafon","02005","301","0","0","TELHA GALVALUME TP 40 0,43MM 5,00M","Estoque","",""
"2026-06-17","Perf. Telha Trapezoidal Marafon","02004","200","0","0","TELHA GALVALUME TP 40 0,43MM 4,00M","Estoque","",""
"2026-06-17","Perf. Telha Ondulada V8","02013","100","0","0","TELHA GALVALUME OND 17 0,43MM 3,00M","Estoque","",""
"2026-06-17","Perf. Telha Ondulada V8","02014","100","0","0","TELHA GALVALUME OND 17 0,43MM 4,00M","Estoque","",""
"2026-06-15","Perfil ""U"" ZL","00666B","99","0","0","PERFIL US 200X50X2,00","Estoque","",""
"2026-06-16","Perfil ""U"" ZL","00666B","195","0","0","PERFIL US 200X50X2,00","Estoque","",""
"2026-06-16","Perfil ""U"" ZL","00666C","109","0","0","PERFIL US 200X50X2,25","Estoque","",""
"2026-06-16","Perfil ""U"" BR200 Regiane","00652B","326","0","0","PERFIL US 68X30X2,00","Estoque","",""
"2026-06-15","Perfil ""U"" ZL","00666K","242","0","0","PERFIL US 200X50X1,95 GALV","Estoque","",""
"2026-06-16","Prensa Estampa 09","81667","1130","25","0","CACAMBA M 40 CONST GALV","Estoque","",""
"2026-06-16","Rodadeira 01","81053","757","7","0","CACAMBA M 40 CONSTRUTOR","Estoque","",""
"2026-06-16","Rodadeira 02","81626","260","0","0","CACAMBA M 40 POP","Estoque","",""
"2026-06-16","Rodadeira 02","81058","200","0","0","CACAMBA M 75 PLUS","Estoque","",""
"2026-06-16","Rodadeira 02","81626","301","0","0","CACAMBA M 40 POP","Estoque","",""
"2026-06-16","Prensa Debrum 03","81823","908","0","0","CACAMBA M 50 5.0","Estoque","",""
"2026-06-15","Rodadeira 01","81053","446","0","0","CACAMBA M 40 CONSTRUTOR","Estoque","",""
"2026-06-16","Rodadeira 01","81053","571","5","0","CACAMBA M 40 CONSTRUTOR","Estoque","",""
"2026-06-19","Perf. Telha Trapezoidal Marafon","02000","27","0","0","TELHA GALVALUME TP 40 0,43MM","Estoque","",""
"2026-06-19","Perf. Telha Trapezoidal Marafon","02020","100","0","0","TELHA CUMEEIRA GL TRAP 40 ABAS 300MM","Estoque","",""
"2026-06-19","Perf. Telha Trapezoidal Marafon","02006","200","0","0","TELHA GALVALUME TP 40 0,43MM 6,00M","Estoque","",""
"2026-06-19","Perf. Telha Trapezoidal Marafon","02005","300","0","0","TELHA GALVALUME TP 40 0,43MM 5,00M","Estoque","",""
"2026-06-19","Perf. Telha Trapezoidal Marafon","02007","100","0","0","TELHA GALVALUME TP 40 0,43MM 7,00M","Estoque","",""
"2026-06-19","Perf. Telha Ondulada V8","02015","100","0","0","TELHA GALVALUME OND 17 0,43MM 5,00M","Estoque","",""
"2026-06-01","Rodadeira 01","81667","295","0","0","CACAMBA M 40 CONST GALV","Estoque","",""
"2026-06-01","Rodadeira 01","81053","650","0","0","CACAMBA M 40 CONSTRUTOR","Estoque","",""
"2026-06-02","Prensa Recorte 02","81667","1800","0","0","CACAMBA M 40 CONST GALV","Estoque","",""
"2026-06-02","Prensa Estampa 09","81667","1238","30","0","CACAMBA M 40 CONST GALV","Estoque","",""
"2026-06-02","Prensa Estampa 09","81823","1400","0","0","CACAMBA M 50 5.0","Estoque","",""
"2026-06-02","Rodadeira 01","81053","400","0","0","CACAMBA M 40 CONSTRUTOR","Estoque","",""
"2026-06-02","Rodadeira 01","81667","260","0","0","CACAMBA M 40 CONST GALV","Estoque","",""
"2026-06-02","Rodadeira 02","81626","630","0","0","CACAMBA M 40 POP","Estoque","",""
"2026-06-02","Rodadeira 02","81823","420","0","0","CACAMBA M 50 5.0","Estoque","",""
"2026-06-02","Rodadeira 03","81667","602","2","0","CACAMBA M 40 CONST GALV","Estoque","",""
"2026-06-02","Rodadeira 03","81626","726","0","0","CACAMBA M 40 POP","Estoque","",""
"2026-06-02","Rodadeira 03","81823","375","0","0","CACAMBA M 50 5.0","Estoque","",""
"2026-06-17","Prensa Recorte 02","81667","1080","0","0","CACAMBA M 40 CONST GALV","Estoque","",""
"2026-06-17","Rodadeira 01","81053","1040","0","0","CACAMBA M 40 CONSTRUTOR","Estoque","",""
"2026-06-17","Rodadeira 01","81058","1100","0","0","CACAMBA M 75 PLUS","Estoque","",""
"2026-06-17","Rodadeira 01","81053","700","5","0","CACAMBA M 40 CONSTRUTOR","Estoque","",""
"2026-06-17","Rodadeira 02","81058","880","0","0","CACAMBA M 75 PLUS","Estoque","",""
"2026-06-17","Prensa Debrum 03","81058","830","0","0","CACAMBA M 75 PLUS","Estoque","",""
"2026-06-17","Prensa Estampa 09","81053","1200","35","0","CACAMBA M 40 CONSTRUTOR","Estoque","",""
"2026-06-18","Prensa Estampa 09","81053","1150","16","0","CACAMBA M 40 CONSTRUTOR","Estoque","",""
"2026-06-18","Prensa Estampa 09","81058","1400","0","0","CACAMBA M 75 PLUS","Estoque","",""
"2026-06-18","Rodadeira 01","81667","905","1","0","CACAMBA M 40 CONST GALV","Estoque","",""
"2026-06-18","Rodadeira 02","81058","850","0","0","CACAMBA M 75 PLUS","Estoque","",""
"2026-06-18","Prensa Debrum 03","81058","1230","0","0","CACAMBA M 75 PLUS","Estoque","",""
"2026-06-18","Rodadeira 01","81667","1012","0","0","CACAMBA M 40 CONST GALV","Estoque","",""
"2026-06-18","Prensa Recorte 02","81667","182","0","0","CACAMBA M 40 CONST GALV","Estoque","",""
"2026-06-18","Prensa Recorte 02","81053","306","0","0","CACAMBA M 40 CONSTRUTOR","Estoque","",""
"2026-06-17","Perfil ""U"" Marafon","00670E","337","0","0","PERFIL UE 75X40X15X3,00","Estoque","",""
"2026-06-17","Perfil ""U"" BR200 Regiane","00652B","114","0","0","PERFIL US 68X30X2,00","Estoque","",""
"2026-06-18","Perf. Telha Trapezoidal Marafon","02007","6","0","0","TELHA GALVALUME TP 40 0,43MM 7,00M","Estoque","",""
"2026-06-18","Perf. Telha Trapezoidal Marafon","02006","7","0","0","TELHA GALVALUME TP 40 0,43MM 6,00M","Estoque","",""
"2026-06-18","Perf. Telha Trapezoidal Marafon","02000","50","0","0","TELHA GALVALUME TP 40 0,43MM","Estoque","",""
"2026-06-18","Perf. Telha Trapezoidal Marafon","02020","14","0","0","TELHA CUMEEIRA GL TRAP 40 ABAS 300MM","Estoque","",""
"2026-06-18","Perf. Telha Trapezoidal Marafon","02006","100","0","0","TELHA GALVALUME TP 40 0,43MM 6,00M","Estoque","",""
"2026-06-18","Perf. Telha Trapezoidal Marafon","02000","28","0","0","TELHA GALVALUME TP 40 0,43MM","Estoque","",""
"2026-06-18","Perf. Telha Trapezoidal Marafon","02006","27","0","0","TELHA GALVALUME TP 40 0,43MM 6,00M","Estoque","",""
"2026-06-18","Perf. Telha Trapezoidal Marafon","02000","52","0","0","TELHA GALVALUME TP 40 0,43MM","Estoque","",""
"2026-06-18","Perf. Telha Trapezoidal Marafon","02005","52","0","0","TELHA GALVALUME TP 40 0,43MM 5,00M","Estoque","",""
"2026-06-18","Perf. Telha Trapezoidal Marafon","02000","39","0","0","TELHA GALVALUME TP 40 0,43MM","Estoque","",""
"2026-06-18","Perf. Telha Trapezoidal Marafon","02020","16","0","0","TELHA CUMEEIRA GL TRAP 40 ABAS 300MM","Estoque","",""
"2026-06-18","Perf. Telha Trapezoidal Marafon","02005","100","0","0","TELHA GALVALUME TP 40 0,43MM 5,00M","Estoque","",""
"2026-06-18","Perf. Telha Trapezoidal Marafon","02004","100","0","0","TELHA GALVALUME TP 40 0,43MM 4,00M","Estoque","",""
"2026-06-18","Perf. Telha Trapezoidal Marafon","02004","100","0","0","TELHA GALVALUME TP 40 0,43MM 4,00M","Estoque","",""
"2026-06-18","Perf. Telha Trapezoidal Marafon","02006","100","0","0","TELHA GALVALUME TP 40 0,43MM 6,00M","Estoque","",""
"2026-06-18","Perf. Telha Ondulada V8","02013","100","0","0","TELHA GALVALUME OND 17 0,43MM 3,00M","Estoque","",""
"2026-06-18","Perf. Telha Ondulada V8","02018","100","0","0","TELHA GALVALUME OND 17 0,43MM 8,00M","Estoque","",""
"2026-06-18","Perfil ""U"" ZL","00668b","347","0","0","PERFIL UE 50X25X10X2,00","Estoque","",""
"2026-06-18","Perfil ""U"" ZL","00668k","239","0","0","PERFIL UE 50X25X10X1,95 GALV","Estoque","",""
"2026-06-18","Perfil ""U"" Marafon","00670K","219","0","0","PERFIL UE 75X40X15X1,95 GALV","Estoque","",""
"2026-06-18","Dobra","00694D","300","0","0","DOBRA VERGALHAO CA50 3/8"" (10,00MM)","Estoque","",""
"2026-06-18","Dobra","00695D","210","0","0","DOBRA VERGALHAO CA50 1/2"" (12,50MM)","Estoque","",""
"2026-06-19","Corte","00690","1526","0","0","DOBRA VERGALHAO CA60 4,20MM","Estoque","",""
"2026-06-19","Dobra","00695D","210","0","0","DOBRA VERGALHAO CA50 1/2"" (12,50MM)","Estoque","",""
"2026-06-19","Perfil ""U"" Marafon","00670L","314","0","0","PERFIL UE 75X40X15X2,30 GALV","Estoque","",""
"2026-06-19","Perfil ""U"" Marafon","00670K","244","0","0","PERFIL UE 75X40X15X1,95 GALV","Estoque","",""
"2026-06-19","Perfil ""U"" ZL","00668B","115","0","0","PERFIL UE 50X25X10X2,00","Estoque","",""
"2026-06-19","Prensa 500 ton","81626","600","1","0","CACAMBA M 40 POP","Estoque","",""
"2026-06-19","Prensa 500 ton","81823","300","1","0","CACAMBA M 50 5.0","Estoque","",""
"2026-06-19","Prensa Estampa 09","81053","1260","8","0","CACAMBA M 40 CONSTRUTOR","Estoque","",""
"2026-06-19","Prensa Recorte 01","81058","108","0","0","CACAMBA M 75 PLUS","Estoque","",""
"2026-06-19","Prensa Recorte 01","81626","1152","0","0","CACAMBA M 40 POP","Estoque","",""
"2026-06-19","Rodadeira 01","81053","410","0","0","CACAMBA M 40 CONSTRUTOR","Estoque","",""
"2026-06-19","Prensa Debrum 03","81058","647","2","0","CACAMBA M 75 PLUS","Estoque","",""
"2026-06-19","Prensa Debrum 03","81626","155","0","0","CACAMBA M 40 POP","Estoque","",""
"2026-06-19","Rodadeira 02","81058","207","0","0","CACAMBA M 75 PLUS","Estoque","",""
"2026-06-19","Rodadeira 02","81626","835","0","0","CACAMBA M 40 POP","Estoque","",""
"2026-06-22","Perfil ""U"" ZL","00674C","109","0","0","PERFIL UE 127X50X17X2,25","Estoque","",""
"2026-06-22","Perfil ""U"" Marafon","00670K","563","0","0","PERFIL UE 75X40X15X1,95 GALV","Estoque","",""
"2026-06-22","Perf. Telha Trapezoidal Marafon","02006","100","0","0","TELHA GALVALUME TP 40 0,43MM 6,00M","Estoque","",""
"2026-06-22","Perf. Telha Trapezoidal Marafon","02008","100","0","0","TELHA GALVALUME TP 40 0,43MM 8,00M","Estoque","",""
"2026-06-22","Perf. Telha Trapezoidal Marafon","02000","20","0","0","TELHA GALVALUME TP 40 0,43MM","Estoque","",""
"2026-06-22","Perf. Telha Trapezoidal Marafon","02005","200","0","0","TELHA GALVALUME TP 40 0,43MM 5,00M","Estoque","",""
"2026-06-22","Perf. Telha Trapezoidal Marafon","02007","200","0","0","TELHA GALVALUME TP 40 0,43MM 7,00M","Estoque","",""
"2026-06-22","Perf. Telha Trapezoidal Marafon","02006","100","0","0","TELHA GALVALUME TP 40 0,43MM 6,00M","Estoque","",""
"2026-06-22","Perf. Telha Ondulada V8","02000","38","0","0","TELHA GALVALUME TP 40 0,43MM","Estoque","",""
"2026-06-22","Perf. Telha Ondulada V8","02015","100","0","0","TELHA GALVALUME OND 17 0,43MM 5,00M","Estoque","",""
"2026-06-22","Perf. Telha Ondulada V8","02016","100","0","0","TELHA GALVALUME OND 17 0,43MM 6,00M","Estoque","",""
"2026-06-22","Prensa Debrum 03","81626","1287","1","0","CACAMBA M 40 POP","Estoque","",""
"2026-06-22","Prensa Debrum 03","81823","400","0","0","CACAMBA M 50 5.0","Estoque","",""
"2026-06-22","Prensa 500 ton","81823","166","1","0","CACAMBA M 50 5.0","Estoque","",""
"2026-06-22","Prensa 500 ton","81626","678","1","0","CACAMBA M 40 POP","Estoque","",""
"2026-06-22","Prensa 500 ton","81823","497","0","0","CACAMBA M 50 5.0","Estoque","",""
"2026-06-22","Prensa 500 ton","81626","380","0","0","CACAMBA M 40 POP","Estoque","",""
"2026-06-22","Rodadeira 01","81626","500","1","0","CACAMBA M 40 POP","Estoque","",""
"2026-06-22","Rodadeira 02","81626","120","0","0","CACAMBA M 40 POP","Estoque","",""
"2026-06-22","Rodadeira 02","81823","250","0","0","CACAMBA M 50 5.0","Estoque","",""
"2026-06-22","Rodadeira 02","81626","420","0","0","CACAMBA M 40 POP","Estoque","",""
"2026-06-22","Prensa Recorte 01","81053","130","0","0","CACAMBA M 40 CONSTRUTOR","Estoque","",""
"2026-06-22","Prensa Estampa 09","81053","1263","11","0","CACAMBA M 40 CONSTRUTOR","Estoque","",""
"2026-06-23","Perf. Telha Trapezoidal Marafon","02006","100","0","0","TELHA GALVALUME TP 40 0,43MM 6,00M","Estoque","",""
"2026-06-23","Perf. Telha Trapezoidal Marafon","02000","28","0","0","TELHA GALVALUME TP 40 0,43MM","Estoque","",""
"2026-06-23","Perf. Telha Trapezoidal Marafon","02005","5","0","0","TELHA GALVALUME TP 40 0,43MM 5,00M","Estoque","",""
"2026-06-23","Perf. Telha Trapezoidal Marafon","02020","100","0","0","TELHA CUMEEIRA GL TRAP 40 ABAS 300MM","Estoque","",""
"2026-06-23","Perf. Telha Trapezoidal Marafon","02006","200","0","0","TELHA GALVALUME TP 40 0,43MM 6,00M","Estoque","",""
"2026-06-23","Perf. Telha Trapezoidal Marafon","02007","101","0","0","TELHA GALVALUME TP 40 0,43MM 7,00M","Estoque","",""
"2026-06-23","Perf. Telha Trapezoidal Marafon","02000","47","0","0","TELHA GALVALUME TP 40 0,43MM","Estoque","",""
"2026-06-23","Perf. Telha Trapezoidal Marafon","02000","38","0","0","TELHA GALVALUME TP 40 0,43MM","Estoque","",""
"2026-06-23","Perfil ""U"" BR200 Regiane","00654K","229","0","0","PERFIL US 92X30X1,95 GALV","Estoque","",""
"2026-06-23","Perfil ""U"" ZL","00674K","229","0","0","PERFIL UE 127X50X17X1,95 GALV","Estoque","",""
"2026-06-23","Perfil ""U"" Marafon","00670K","573","0","0","PERFIL UE 75X40X15X1,95 GALV","Estoque","",""
"2026-06-23","Corte","00691","1093","0","0","CORT DOBRA VERGALHAO CA60 5,00MM","Estoque","",""
"2026-06-23","Prensa Recorte 02","81053","600","0","0","CACAMBA M 40 CONSTRUTOR","Estoque","",""
"2026-06-23","Prensa Recorte 02","81667","600","0","0","CACAMBA M 40 CONST GALV","Estoque","",""
"2026-06-23","Rodadeira 03","81053","306","0","0","CACAMBA M 40 CONSTRUTOR","Estoque","",""
"2026-06-23","Rodadeira 03","81627","306","0","0","CACAMBA M 40 POP GALV","Estoque","",""
"2026-06-23","Rodadeira 02","81626","645","0","0","CACAMBA M 40 POP","Estoque","",""
"2026-06-23","Prensa Debrum 03","81626","427","0","0","CACAMBA M 40 POP","Estoque","",""
"2026-06-23","Rodadeira 01","81053","430","10","0","CACAMBA M 40 CONSTRUTOR","Estoque","",""
"2026-06-23","Prensa Estampa 09","81053","321","4","0","CACAMBA M 40 CONSTRUTOR","Estoque","",""
"2026-06-23","Prensa Estampa 09","81667","817","10","0","CACAMBA M 40 CONST GALV","Estoque","",""
"2026-06-23","Prensa Recorte 02","81626","1455","0","0","CACAMBA M 40 POP","Estoque","",""
"2026-06-24","Perf. Telha Trapezoidal Marafon","02007","20","0","0","TELHA GALVALUME TP 40 0,43MM 7,00M","Estoque","",""
"2026-06-24","Perf. Telha Trapezoidal Marafon","02007","20","0","0","TELHA GALVALUME TP 40 0,43MM 7,00M","Estoque","",""
"2026-06-24","Perf. Telha Trapezoidal Marafon","02006","50","0","0","TELHA GALVALUME TP 40 0,43MM 6,00M","Estoque","",""
"2026-06-24","Perf. Telha Trapezoidal Marafon","02005","20","0","0","TELHA GALVALUME TP 40 0,43MM 5,00M","Estoque","",""
"2026-06-24","Perf. Telha Trapezoidal Marafon","02004","100","0","0","TELHA GALVALUME TP 40 0,43MM 4,00M","Estoque","",""
"2026-06-24","Perf. Telha Trapezoidal Marafon","02000","220","0","0","TELHA GALVALUME TP 40 0,43MM","Estoque","",""
"2026-06-24","Perf. Telha Trapezoidal Marafon","02005","400","0","0","TELHA GALVALUME TP 40 0,43MM 5,00M","Estoque","",""
"2026-06-24","Perf. Telha Trapezoidal Marafon","02000","14","0","0","TELHA GALVALUME TP 40 0,43MM","Estoque","",""
"2026-06-24","Perf. Telha Ondulada V8","02000","190","0","0","TELHA GALVALUME TP 40 0,43MM","Estoque","",""
"2026-06-24","Perf. Telha Ondulada V8","02016","100","0","0","TELHA GALVALUME OND 17 0,43MM 6,00M","Estoque","",""
"2026-06-24","Perf. Telha Ondulada V8","02014","100","0","0","TELHA GALVALUME OND 17 0,43MM 4,00M","Estoque","",""
"2026-06-24","Perf. Telha Ondulada V8","02014","5","0","0","TELHA GALVALUME OND 17 0,43MM 4,00M","Estoque","",""
"2026-06-24","Perf. Telha Ondulada V8","02016","50","0","0","TELHA GALVALUME OND 17 0,43MM 6,00M","Estoque","",""
"2026-06-24","Perf. Telha Ondulada V8","02017","4","0","0","TELHA GALVALUME OND 17 0,43MM 7,00M","Estoque","",""
"2026-06-23","Prensa 500 ton","81626","685","3","0","CACAMBA M 40 POP","Estoque","",""
"2026-06-24","Prensa 500 ton","81054","395","11","0","CACAMBA M 75 MASTER","Estoque","",""
"2026-06-24","Prensa Estampa 09","81667","1100","2","0","CACAMBA M 40 CONST GALV","Estoque","",""
"2026-06-24","Rodadeira 03","81667","150","2","0","CACAMBA M 40 CONST GALV","Estoque","",""
"2026-06-24","Rodadeira 03","81053","316","10","0","CACAMBA M 40 CONSTRUTOR","Estoque","",""
"2026-06-24","Rodadeira 01","81626","120","2","0","CACAMBA M 40 POP","Estoque","",""
"2026-06-24","Rodadeira 01","81667","540","10","0","CACAMBA M 40 CONST GALV","Estoque","",""
"2026-06-24","Rodadeira 02","81626","485","0","0","CACAMBA M 40 POP","Estoque","",""
"2026-06-24","Prensa Debrum 03","81626","572","2","0","CACAMBA M 40 POP","Estoque","",""
"2026-06-24","Rodadeira 01","81667","1015","2","0","CACAMBA M 40 CONST GALV","Estoque","",""
"2026-06-24","Rodadeira 01","81053","1163","1","0","CACAMBA M 40 CONSTRUTOR","Estoque","",""
"2026-06-24","Prensa Recorte 01","81667","1150","0","0","CACAMBA M 40 CONST GALV","Estoque","",""
"2026-06-24","Perfil ""U"" ZL","00674E","154","0","0","PERFIL UE 127X50X17X3,00","Estoque","",""
"2026-06-24","Perfil ""U"" Marafon","00670B","342","0","0","PERFIL UE 75X40X15X2,00","Estoque","",""
"2026-06-24","Perfil ""U"" Marafon","00670K","108","0","0","PERFIL UE 75X40X15X1,95 GALV","Estoque","",""
"2026-06-24","Corte","00691","1111","0","0","CORT DOBRA VERGALHAO CA60 5,00MM","Estoque","",""
"2026-06-25","Perf. Telha Trapezoidal Marafon","02006","299","0","0","TELHA GALVALUME TP 40 0,43MM 6,00M","Estoque","",""
"2026-06-25","Perf. Telha Ondulada V8","02015","100","0","0","TELHA GALVALUME OND 17 0,43MM 5,00M","Estoque","",""
"2026-06-25","Perf. Telha Ondulada V8","02007","100","0","0","TELHA GALVALUME TP 40 0,43MM 7,00M","Estoque","",""
"2026-06-25","Perfil ""U"" ZL","00674E","79","0","0","PERFIL UE 127X50X17X3,00","Estoque","",""
"2026-06-25","Perfil ""U"" ZL","00660E","76","0","0","PERFIL US 127X50X3,00","Estoque","",""
"2026-06-25","Perfil ""U"" Marafon","00670B","569","0","0","PERFIL UE 75X40X15X2,00","Estoque","",""
"2026-06-25","Prensa 500 ton","81054","270","5","0","CACAMBA M 75 MASTER","Estoque","",""
"2026-06-25","Prensa Recorte 02","81667","1550","0","0","CACAMBA M 40 CONST GALV","Estoque","",""
"2026-06-25","Prensa Estampa 09","81667","796","7","0","CACAMBA M 40 CONST GALV","Estoque","",""
"2026-06-25","Prensa Estampa 09","81667","205","2","0","CACAMBA M 40 CONST GALV","Estoque","",""
"2026-06-25","Rodadeira 03","81626","446","0","0","CACAMBA M 40 POP","Estoque","",""
"2026-06-25","Rodadeira 02","81626","374","0","0","CACAMBA M 40 POP","Estoque","",""
"2026-06-25","Rodadeira 03","81053","108","2","0","CACAMBA M 40 CONSTRUTOR","Estoque","",""
"2026-06-25","Rodadeira 03","81667","600","4","0","CACAMBA M 40 CONST GALV","Estoque","",""
"2026-06-25","Prensa Debrum 03","81626","500","1","0","CACAMBA M 40 POP","Estoque","",""
"2026-06-25","Rodadeira 01","81667","1028","0","0","CACAMBA M 40 CONST GALV","Estoque","",""
"2026-06-25","Perf. Telha Trapezoidal Marafon","02000","107","0","0","TELHA GALVALUME TP 40 0,43MM","Estoque","",""
"2026-06-25","Perf. Telha Trapezoidal Marafon","02003","200","0","0","TELHA GALVALUME TP 40 0,43MM 3,00M","Estoque","",""
"2026-06-25","Perf. Telha Trapezoidal Marafon","02007","205","0","0","TELHA GALVALUME TP 40 0,43MM 7,00M","Estoque","",""
"2026-06-25","Perf. Telha Trapezoidal Marafon","02008","100","0","0","TELHA GALVALUME TP 40 0,43MM 8,00M","Estoque","",""
"2026-06-25","Perf. Telha Trapezoidal Marafon","02000","7","0","0","TELHA GALVALUME TP 40 0,43MM","Estoque","",""
"2026-06-29","Perf. Telha Trapezoidal Marafon","02000","26","0","0","TELHA GALVALUME TP 40 0,43MM","Estoque","",""
"2026-06-29","Perf. Telha Trapezoidal Marafon","02004","9","0","0","TELHA GALVALUME TP 40 0,43MM 4,00M","Estoque","",""
"2026-06-29","Perf. Telha Trapezoidal Marafon","02005","100","0","0","TELHA GALVALUME TP 40 0,43MM 5,00M","Estoque","",""
"2026-06-29","Perf. Telha Trapezoidal Marafon","02004","300","0","0","TELHA GALVALUME TP 40 0,43MM 4,00M","Estoque","",""
"2026-06-29","Perf. Telha Trapezoidal Marafon","02000","104","0","0","TELHA GALVALUME TP 40 0,43MM","Estoque","",""
"2026-06-29","Perf. Telha Trapezoidal Marafon","02020","26","0","0","TELHA CUMEEIRA GL TRAP 40 ABAS 300MM","Estoque","",""
"2026-06-29","Perf. Telha Ondulada V8","02017","12","0","0","TELHA GALVALUME OND 17 0,43MM 7,00M","Estoque","",""
"2026-06-29","Perf. Telha Ondulada V8","02000","24","0","0","TELHA GALVALUME TP 40 0,43MM","Estoque","",""
"2026-06-29","Perf. Telha Ondulada V8","02013","100","0","0","TELHA GALVALUME OND 17 0,43MM 3,00M","Estoque","",""
"2026-06-29","Perf. Telha Ondulada V8","02014","100","0","0","TELHA GALVALUME OND 17 0,43MM 4,00M","Estoque","",""
"2026-06-29","Perf. Telha Ondulada V8","02018","100","0","0","TELHA GALVALUME OND 17 0,43MM 8,00M","Estoque","",""
"2026-06-25","Rodadeira 01","81667","760","0","0","CACAMBA M 40 CONST GALV","Estoque","",""
"2026-06-25","Rodadeira 01","81053","100","2","0","CACAMBA M 40 CONSTRUTOR","Estoque","",""
"2026-06-25","Prensa Recorte 01","81626","104","0","0","CACAMBA M 40 POP","Estoque","",""
"2026-06-27","Rodadeira 03","81053","420","0","0","CACAMBA M 40 CONSTRUTOR","Estoque","",""
"2026-06-27","Rodadeira 03","81667","320","0","0","CACAMBA M 40 CONST GALV","Estoque","",""
"2026-06-27","Prensa Recorte 02","81053","202","1","0","CACAMBA M 40 CONSTRUTOR","Estoque","",""
"2026-06-27","Prensa Recorte 02","81667","1000","0","0","CACAMBA M 40 CONST GALV","Estoque","",""
"2026-06-26","Rodadeira 01","81667","1478","4","0","CACAMBA M 40 CONST GALV","Estoque","",""
"2026-06-26","Rodadeira 03","81667","560","0","0","CACAMBA M 40 CONST GALV","Estoque","",""
"2026-06-26","Rodadeira 03","81053","150","0","0","CACAMBA M 40 CONSTRUTOR","Estoque","",""
"2026-06-26","Prensa 500 ton","81054","144","9","0","CACAMBA M 75 MASTER","Estoque","",""
"2026-06-26","Prensa 500 ton","81055","292","11","0","CACAMBA M 60 SUPER","Estoque","",""
"2026-06-26","Prensa Estampa 09","81667","1030","10","0","CACAMBA M 40 CONST GALV","Estoque","",""
"2026-06-26","Prensa Recorte 01","81054","696","1","0","CACAMBA M 75 MASTER","Estoque","",""
"2026-06-26","Rodadeira 02","81054","430","0","0","CACAMBA M 75 MASTER","Estoque","",""
"2026-06-26","Prensa Debrum 03","81054","425","1","0","CACAMBA M 75 MASTER","Estoque","",""
"2026-06-26","Prensa Recorte 02","81667","1300","0","0","CACAMBA M 40 CONST GALV","Estoque","",""
"2026-06-29","Rodadeira 03","81667","680","0","0","CACAMBA M 40 CONST GALV","Estoque","",""
"2026-06-29","Rodadeira 01","81053","650","0","0","CACAMBA M 40 CONSTRUTOR","Estoque","",""
"2026-06-29","Prensa Recorte 02","81667","1000","0","0","CACAMBA M 40 CONST GALV","Estoque","",""
"2026-06-29","Prensa 500 ton","81055","660","3","0","CACAMBA M 60 SUPER","Estoque","",""
"2026-06-29","Prensa Debrum 03","81054","100","0","0","CACAMBA M 75 MASTER","Estoque","",""
"2026-06-29","Rodadeira 01","81667","730","0","0","CACAMBA M 40 CONST GALV","Estoque","",""
"2026-06-29","Rodadeira 02","81054","270","0","0","CACAMBA M 75 MASTER","Estoque","",""
"2026-06-26","Perfil ""U"" Marafon","00670A","358","0","0","PERFIL UE 75X40X15X1,80","Estoque","",""
"2026-06-26","Perfil ""U"" Marafon","00670B","347","0","0","PERFIL UE 75X40X15X2,00","Estoque","",""
"2026-06-26","Perfil ""U"" ZL","00660C","108","0","0","PERFIL US 127X50X2,25","Estoque","",""
"2026-06-26","Perfil ""U"" ZL","00670A","250","0","0","PERFIL UE 75X40X15X1,80","Estoque","",""
"2026-06-26","Perfil ""U"" ZL","00670B","113","0","0","PERFIL UE 75X40X15X2,00","Estoque","",""
"2026-06-29","Prensa Estampa 09","81667","740","6","0","CACAMBA M 40 CONST GALV","Estoque","",""
"2026-06-26","Corte","00691","1077","0","0","CORT DOBRA VERGALHAO CA60 5,00MM","Estoque","",""
"2026-06-30","Perf. Telha Trapezoidal Marafon","02004","200","0","0","TELHA GALVALUME TP 40 0,43MM 4,00M","Estoque","",""
"2026-06-30","Perf. Telha Trapezoidal Marafon","02006","200","0","0","TELHA GALVALUME TP 40 0,43MM 6,00M","Estoque","",""
"2026-06-30","Perf. Telha Trapezoidal Marafon","02008","100","0","0","TELHA GALVALUME TP 40 0,43MM 8,00M","Estoque","",""
"2026-06-30","Perf. Telha Trapezoidal Marafon","02003","200","0","0","TELHA GALVALUME TP 40 0,43MM 3,00M","Estoque","",""
"2026-06-30","Perf. Telha Ondulada V8","02017","100","0","0","TELHA GALVALUME OND 17 0,43MM 7,00M","Estoque","",""
"2026-06-30","Perf. Telha Ondulada V8","02015","100","0","0","TELHA GALVALUME OND 17 0,43MM 5,00M","Estoque","",""
"2026-06-26","Dobra","00693D","300","0","0","DOBRA VERGALHAO CA50 5/16"" (8,00MM)","Estoque","",""
"2026-06-26","Dobra","00694D","420","0","0","DOBRA VERGALHAO CA50 3/8"" (10,00MM)","Estoque","",""
"2026-06-29","Dobra","00694D","280","0","0","DOBRA VERGALHAO CA50 3/8"" (10,00MM)","Estoque","",""
"2026-06-30","Dobra","00695D","210","0","0","DOBRA VERGALHAO CA50 1/2"" (12,50MM)","Estoque","",""
"2026-06-30","Dobra","00690D","626","0","0","DOBRA VERGALHAO CA60 4,20MM","Estoque","",""
"2026-06-30","Corte","00691","2135","0","0","CORT DOBRA VERGALHAO CA60 5,00MM","Estoque","",""
"2026-06-30","Prensa Recorte 01","81054","533","0","0","CACAMBA M 75 MASTER","Estoque","",""
"2026-06-30","Prensa Recorte 01","81055","80","0","0","CACAMBA M 60 SUPER","Estoque","",""
"2026-06-30","Rodadeira 01","81667","790","4","0","CACAMBA M 40 CONST GALV","Estoque","",""
"2026-06-30","Prensa Estampa 09","81667","1120","22","0","CACAMBA M 40 CONST GALV","Estoque","",""
"2026-06-30","Prensa 500 ton","81055","265","0","0","CACAMBA M 60 SUPER","Estoque","",""
"2026-06-30","Prensa 500 ton","81667","130","25","0","CACAMBA M 40 CONST GALV","Estoque","",""
"2026-06-30","Prensa Debrum 03","81054","289","5","0","CACAMBA M 75 MASTER","Estoque","",""
"2026-06-30","Prensa Debrum 03","81054","709","3","0","CACAMBA M 75 MASTER","Estoque","",""
"2026-06-30","Prensa Debrum 03","81054","1760","0","0","CACAMBA M 75 MASTER","Estoque","",""
"2026-06-30","Rodadeira 03","81667","400","0","0","CACAMBA M 40 CONST GALV","Estoque","",""
"2026-06-30","Rodadeira 03","81053","20","1","0","CACAMBA M 40 CONSTRUTOR","Estoque","",""
"2026-06-30","Rodadeira 02","81054","532","1","0","CACAMBA M 75 MASTER","Estoque","",""
"2026-06-30","Prensa Recorte 02","81667","1100","0","0","CACAMBA M 40 CONST GALV","Estoque","",""
"2026-06-30","Prensa Recorte 02","81053","400","0","0","CACAMBA M 40 CONSTRUTOR","Estoque","",""
"2026-07-01","Perf. Telha Trapezoidal Marafon","02006","100","0","0","TELHA GALVALUME TP 40 0,43MM 6,00M","Estoque","",""
"2026-07-01","Perf. Telha Trapezoidal Marafon","02005","100","0","0","TELHA GALVALUME TP 40 0,43MM 5,00M","Estoque","",""
"2026-07-01","Perf. Telha Trapezoidal Marafon","02007","200","0","0","TELHA GALVALUME TP 40 0,43MM 7,00M","Estoque","",""
"2026-07-01","Perf. Telha Trapezoidal Marafon","02004","100","0","0","TELHA GALVALUME TP 40 0,43MM 4,00M","Estoque","",""
"2026-07-01","Perf. Telha Ondulada V8","02015","100","0","0","TELHA GALVALUME OND 17 0,43MM 5,00M","Estoque","",""
"2026-07-01","Perf. Telha Ondulada V8","02017","100","0","0","TELHA GALVALUME OND 17 0,43MM 7,00M","Estoque","",""
"2026-07-01","Perf. Telha Ondulada V8","02016","100","0","0","TELHA GALVALUME OND 17 0,43MM 6,00M","Estoque","",""
"2026-06-30","Perfil ""U"" ZL","00672K","451","0","0","PERFIL UE 100X50X17X1,95 GALV","Estoque","",""
"2026-06-30","Perfil ""U"" ZL","00670B","809","0","0","PERFIL UE 75X40X15X2,00","Estoque","",""
"2026-07-01","Dobra","00694D","560","0","0","DOBRA VERGALHAO CA50 3/8"" (10,00MM)","Estoque","",""
"2026-07-02","Perf. Telha Trapezoidal Marafon","02006","200","0","0","TELHA GALVALUME TP 40 0,43MM 6,00M","Estoque","",""
"2026-07-02","Perf. Telha Trapezoidal Marafon","02008","100","0","0","TELHA GALVALUME TP 40 0,43MM 8,00M","Estoque","",""
"2026-07-02","Perf. Telha Trapezoidal Marafon","02000","92","0","0","TELHA GALVALUME TP 40 0,43MM","Estoque","",""
"2026-07-02","Perf. Telha Ondulada V8","02016","200","0","0","TELHA GALVALUME OND 17 0,43MM 6,00M","Estoque","",""
"2026-07-02","Perf. Telha Ondulada V8","02015","200","0","0","TELHA GALVALUME OND 17 0,43MM 5,00M","Estoque","",""
"2026-07-02","Perf. Telha Ondulada V8","02016","100","0","0","TELHA GALVALUME OND 17 0,43MM 6,00M","Estoque","",""
"2026-07-02","Perf. Telha Ondulada V8","02022","200","0","0","TELHA CUMEEIRA GL OND 17 ABAS 300MM","Estoque","",""
"2026-07-03","Perf. Telha Ondulada V8","02014","200","0","0","TELHA GALVALUME OND 17 0,43MM 4,00M","Estoque","",""
"2026-07-03","Perf. Telha Ondulada V8","02017","100","0","0","TELHA GALVALUME OND 17 0,43MM 7,00M","Estoque","",""
"2026-07-03","Perf. Telha Ondulada V8","02018","100","0","0","TELHA GALVALUME OND 17 0,43MM 8,00M","Estoque","",""
"2026-07-03","Perf. Telha Ondulada V8","02016","100","0","0","TELHA GALVALUME OND 17 0,43MM 6,00M","Estoque","",""
"2026-07-03","Perf. Telha Ondulada V8","02013","30","0","0","TELHA GALVALUME OND 17 0,43MM 3,00M","Estoque","",""
"2026-07-01","Prensa 500 ton","81627","517","33","0","CACAMBA M 40 POP GALV","Estoque","",""
"2026-07-01","Prensa 500 ton","81055","10","11","0","CACAMBA M 60 SUPER","Estoque","",""
"2026-07-01","Prensa Estampa 09","81667","1110","10","0","CACAMBA M 40 CONST GALV","Estoque","",""
"2026-07-01","Rodadeira 01","81667","810","4","0","CACAMBA M 40 CONST GALV","Estoque","",""
"2026-07-01","Prensa Recorte 01","81055","123","0","0","CACAMBA M 60 SUPER","Estoque","",""
"2026-07-01","Prensa Recorte 01","81627","491","0","0","CACAMBA M 40 POP GALV","Estoque","",""
"2026-07-01","Rodadeira 02","81627","472","0","0","CACAMBA M 40 POP GALV","Estoque","",""
"2026-07-01","Rodadeira 02","81055","123","0","0","CACAMBA M 60 SUPER","Estoque","",""
"2026-07-01","Prensa Debrum 03","81054","52","0","0","CACAMBA M 75 MASTER","Estoque","",""
"2026-07-01","Prensa Debrum 03","81627","377","1","0","CACAMBA M 40 POP GALV","Estoque","",""
"2026-07-01","Rodadeira 03","81053","200","0","0","CACAMBA M 40 CONSTRUTOR","Estoque","",""
"2026-07-01","Rodadeira 03","81667","410","40","0","CACAMBA M 40 CONST GALV","Estoque","",""
"2026-07-01","Prensa Recorte 01","81667","1500","3","0","CACAMBA M 40 CONST GALV","Estoque","",""
"2026-07-01","Prensa Recorte 02","81667","1610","0","0","CACAMBA M 40 CONST GALV","Estoque","",""
"2026-07-02","Prensa Recorte 02","81667","1150","0","0","CACAMBA M 40 CONST GALV","Estoque","",""
"2026-07-02","Prensa Recorte 02","81053","570","0","0","CACAMBA M 40 CONSTRUTOR","Estoque","",""
"2026-07-02","Prensa Recorte 01","81055","418","39","0","CACAMBA M 60 SUPER","Estoque","",""
"2026-07-02","Prensa Estampa 09","81667","1035","10","0","CACAMBA M 40 CONST GALV","Estoque","",""
"2026-07-02","Rodadeira 03","81667","705","0","0","CACAMBA M 40 CONST GALV","Estoque","",""
"2026-07-02","Prensa Recorte 01","81627","543","0","0","CACAMBA M 40 POP GALV","Estoque","",""
"2026-07-02","Prensa Recorte 01","81055","400","0","0","CACAMBA M 60 SUPER","Estoque","",""
"2026-07-02","Rodadeira 01","81667","500","0","0","CACAMBA M 40 CONST GALV","Estoque","",""
"2026-07-02","Rodadeira 02","81627","593","0","0","CACAMBA M 40 POP GALV","Estoque","",""
"2026-07-02","Rodadeira 02","81055","300","0","0","CACAMBA M 60 SUPER","Estoque","",""
"2026-07-02","Prensa Debrum 03","81627","635","4","0","CACAMBA M 40 POP GALV","Estoque","",""
"2026-07-02","Prensa Debrum 03","81055","323","3","0","CACAMBA M 60 SUPER","Estoque","",""
"2026-07-02","Rodadeira 01","81667","1050","7","0","CACAMBA M 40 CONST GALV","Estoque","",""
"2026-07-03","Prensa Recorte 02","81058","1274","0","0","CACAMBA M 75 PLUS","Estoque","",""
"2026-07-03","Rodadeira 02","81055","872","0","0","CACAMBA M 60 SUPER","Estoque","",""
"2026-07-03","Prensa Debrum 03","81055","1034","0","0","CACAMBA M 60 SUPER","Estoque","",""
"2026-07-03","Rodadeira 03","81053","180","0","0","CACAMBA M 40 CONSTRUTOR","Estoque","",""
"2026-07-03","Rodadeira 03","81667","320","0","0","CACAMBA M 40 CONST GALV","Estoque","",""
"2026-07-03","Prensa Recorte 02","81667","1700","0","0","CACAMBA M 40 CONST GALV","Estoque","",""
"2026-07-03","Rodadeira 01","81667","860","3","0","CACAMBA M 40 CONST GALV","Estoque","",""
"2026-07-03","Rodadeira 01","81667","1200","1","0","CACAMBA M 40 CONST GALV","Estoque","",""
"2026-07-03","Prensa Estampa 09","81667","1030","0","0","CACAMBA M 40 CONST GALV","Estoque","",""
"2026-07-03","Prensa 500 ton","81055","808","13","0","CACAMBA M 60 SUPER","Estoque","",""
"2026-07-01","Corte","00691","1081","0","0","CORT DOBRA VERGALHAO CA60 5,00MM","Estoque","",""
"2026-07-01","Perfil ""U"" ZL","00672K","345","0","0","PERFIL UE 100X50X17X1,95 GALV","Estoque","",""
"2026-07-01","Perfil ""U"" ZL","00672L","46","0","0","PERFIL UE 100X50X17X2,30 GALV","Estoque","",""
"2026-07-01","Perfil ""U"" Marafon","00670B","452","0","0","PERFIL UE 75X40X15X2,00","Estoque","",""
"2026-07-01","Perfil ""U"" Marafon","00670C","110","0","0","PERFIL UE 75X40X15X2,25","Estoque","",""
"2026-07-01","Perfil ""U"" BR200 Regiane","00654K","226","0","0","PERFIL US 92X30X1,95 GALV","Estoque","",""
"2026-07-02","Perfil ""U"" ZL","00672C","214","0","0","PERFIL UE 100X50X17X2,25","Estoque","",""
"2026-07-02","Perfil ""U"" Marafon","00670K","674","0","0","PERFIL UE 75X40X15X1,95 GALV","Estoque","",""
"2026-07-02","Corte","00691","1092","0","0","CORT DOBRA VERGALHAO CA60 5,00MM","Estoque","",""
"2026-07-03","Corte","00691","1088","0","0","CORT DOBRA VERGALHAO CA60 5,00MM","Estoque","",""
"2026-07-03","Perfil ""U"" ZL","00672B","465","0","0","PERFIL UE 100X50X17X2,00","Estoque","",""
"2026-07-03","Perfil ""U"" Marafon","00670K","654","0","0","PERFIL UE 75X40X15X1,95 GALV","Estoque","",""
"2026-07-03","Perfil ""U"" BR200 Regiane","00654B","138","0","0","PERFIL US 92X30X2,00","Estoque","",""
"2026-07-06","Perf. Telha Trapezoidal Marafon","02000","227","0","0","TELHA GALVALUME TP 40 0,43MM","Estoque","",""
"2026-07-06","Perf. Telha Trapezoidal Marafon","02020","25","0","0","TELHA CUMEEIRA GL TRAP 40 ABAS 300MM","Estoque","",""
"2026-07-06","Perf. Telha Trapezoidal Marafon","02006","8","0","0","TELHA GALVALUME TP 40 0,43MM 6,00M","Estoque","",""
"2026-07-06","Perf. Telha Trapezoidal Marafon","02004","20","0","0","TELHA GALVALUME TP 40 0,43MM 4,00M","Estoque","",""
"2026-07-06","Perf. Telha Ondulada V8","02013","70","0","0","TELHA GALVALUME OND 17 0,43MM 3,00M","Estoque","",""
"2026-07-06","Perf. Telha Ondulada V8","02015","100","0","0","TELHA GALVALUME OND 17 0,43MM 5,00M","Estoque","",""
"2026-07-06","Perfil ""U"" ZL","00672B","455","0","0","PERFIL UE 100X50X17X2,00","Estoque","",""
"2026-07-06","Perfil ""U"" Marafon","00670K","453","0","0","PERFIL UE 75X40X15X1,95 GALV","Estoque","",""
"2026-07-07","Perf. Telha Trapezoidal Marafon","02006","232","0","0","TELHA GALVALUME TP 40 0,43MM 6,00M","Estoque","",""
"2026-07-07","Perf. Telha Trapezoidal Marafon","02004","210","0","0","TELHA GALVALUME TP 40 0,43MM 4,00M","Estoque","",""
"2026-07-07","Perf. Telha Trapezoidal Marafon","02000","115","0","0","TELHA GALVALUME TP 40 0,43MM","Estoque","",""
"2026-07-07","Perf. Telha Trapezoidal Marafon","02005","100","0","0","TELHA GALVALUME TP 40 0,43MM 5,00M","Estoque","",""
"2026-07-07","Perf. Telha Trapezoidal Marafon","02003","100","0","0","TELHA GALVALUME TP 40 0,43MM 3,00M","Estoque","",""
"2026-07-07","Perf. Telha Trapezoidal Marafon","02007","49","0","0","TELHA GALVALUME TP 40 0,43MM 7,00M","Estoque","",""
"2026-07-06","Prensa Recorte 01","81055","274","0","0","CACAMBA M 60 SUPER","Estoque","",""
"2026-07-06","Prensa Recorte 01","81626","262","38","0","CACAMBA M 40 POP","Estoque","",""
"2026-07-06","Prensa Recorte 02","81055","1000","0","0","CACAMBA M 60 SUPER","Estoque","",""
"2026-07-06","Rodadeira 01","81053","160","0","0","CACAMBA M 40 CONSTRUTOR","Estoque","",""
"2026-07-06","Rodadeira 01","81667","740","0","0","CACAMBA M 40 CONST GALV","Estoque","",""
"2026-07-06","Rodadeira 02","81055","870","0","0","CACAMBA M 60 SUPER","Estoque","",""
"2026-07-06","Rodadeira 03","81667","600","0","0","CACAMBA M 40 CONST GALV","Estoque","",""
"2026-07-06","Rodadeira 03","81053","100","0","0","CACAMBA M 40 CONSTRUTOR","Estoque","",""
"2026-07-06","Prensa Debrum 03","81055","960","2","0","CACAMBA M 60 SUPER","Estoque","",""
"2026-07-06","Prensa Estampa 09","81627","1033","8","0","CACAMBA M 40 POP GALV","Estoque","",""
"2026-07-06","Prensa Recorte 02","81667","1500","0","0","CACAMBA M 40 CONST GALV","Estoque","",""
"2026-07-06","Rodadeira 01","81667","500","0","0","CACAMBA M 40 CONST GALV","Estoque","",""
"2026-07-06","Rodadeira 01","81053","673","0","0","CACAMBA M 40 CONSTRUTOR","Estoque","",""
"2026-07-08","Prensa Recorte 01","81626","1924","0","0","CACAMBA M 40 POP","Estoque","",""
"2026-07-08","Rodadeira 02","81626","1095","0","0","CACAMBA M 40 POP","Estoque","",""
"2026-07-08","Rodadeira 01","81053","300","0","0","CACAMBA M 40 CONSTRUTOR","Estoque","",""
"2026-07-08","Rodadeira 01","81667","1367","0","0","CACAMBA M 40 CONST GALV","Estoque","",""
"2026-07-08","Prensa Debrum 03","81055","138","0","0","CACAMBA M 60 SUPER","Estoque","",""
"2026-07-08","Prensa Debrum 03","81626","1156","2","2","CACAMBA M 40 POP","Estoque","",""
"2026-07-08","Prensa Recorte 01","81627","1650","0","0","CACAMBA M 40 POP GALV","Estoque","",""
"2026-07-08","Prensa Recorte 01","81667","900","4","0","CACAMBA M 40 CONST GALV","Estoque","",""
"2026-07-08","Prensa 500 ton","81626","450","2","0","CACAMBA M 40 POP","Estoque","",""
"2026-07-08","Prensa 500 ton","81627","62","18","0","CACAMBA M 40 POP GALV","Estoque","",""
"2026-07-08","Prensa Estampa 09","81667","1135","10","0","CACAMBA M 40 CONST GALV","Estoque","",""
"2026-07-07","Corte","00693","394","0","0","CORT DOBRA VERGALHAO CA50 5/16"" (8,00MM)","Estoque","",""
"2026-07-07","Perfil ""U"" ZL","00672B","226","0","0","PERFIL UE 100X50X17X2,00","Estoque","",""
"2026-07-07","Perfil ""U"" Marafon","00670B","276","0","0","PERFIL UE 75X40X15X2,00","Estoque","",""
"2026-07-08","Corte","00694","256","0","0","CORT DOBRA VERGALHAO CA50 3/8"" (10,00MM)","Estoque","",""
"2026-07-08","Corte","00695","160","0","0","CORT DOBRA VERGALHAO CA50 1/2"" (12,50MM)","Estoque","",""
"2026-07-08","Dobra","00694D","140","0","0","DOBRA VERGALHAO CA50 3/8"" (10,00MM)","Estoque","",""
"2026-07-08","Dobra","00693D","140","0","0","DOBRA VERGALHAO CA50 5/16"" (8,00MM)","Estoque","",""
"2026-07-08","Perfil ""U"" ZL","00672B","98","0","0","PERFIL UE 100X50X17X2,00","Estoque","",""
"2026-07-08","Perfil ""U"" ZL","00672A","118","0","0","PERFIL UE 100X50X17X1,80","Estoque","",""
"2026-07-09","Perf. Telha Trapezoidal Marafon","02000","21","0","0","TELHA GALVALUME TP 40 0,43MM","Estoque","",""
"2026-07-09","Perf. Telha Trapezoidal Marafon","02005","1","0","0","TELHA GALVALUME TP 40 0,43MM 5,00M","Estoque","",""
"2026-07-09","Perf. Telha Trapezoidal Marafon","02006","100","0","0","TELHA GALVALUME TP 40 0,43MM 6,00M","Estoque","",""
"2026-07-10","Perf. Telha Trapezoidal Marafon","02006","100","0","0","TELHA GALVALUME TP 40 0,43MM 6,00M","Estoque","",""
"2026-07-10","Perf. Telha Trapezoidal Marafon","02005","28","0","0","TELHA GALVALUME TP 40 0,43MM 5,00M","Estoque","",""
"2026-07-10","Perf. Telha Trapezoidal Marafon","02005","72","0","0","TELHA GALVALUME TP 40 0,43MM 5,00M","Estoque","",""
"2026-07-10","Perf. Telha Trapezoidal Marafon","02006","100","0","0","TELHA GALVALUME TP 40 0,43MM 6,00M","Estoque","",""
"2026-07-10","Perf. Telha Trapezoidal Marafon","02003","200","0","0","TELHA GALVALUME TP 40 0,43MM 3,00M","Estoque","",""
"2026-07-10","Perf. Telha Trapezoidal Marafon","02000","15","0","0","TELHA GALVALUME TP 40 0,43MM","Estoque","",""
"2026-07-10","Perf. Telha Ondulada V8","02000","14","0","0","TELHA GALVALUME TP 40 0,43MM","Estoque","",""
"2026-07-10","Rodadeira 03","81053","55","0","0","CACAMBA M 40 CONSTRUTOR","Estoque","",""
"2026-07-10","Rodadeira 03","81667","606","0","0","CACAMBA M 40 CONST GALV","Estoque","",""
"2026-07-10","Rodadeira 03","81667","600","0","0","CACAMBA M 40 CONST GALV","Estoque","",""
"2026-07-10","Rodadeira 03","81053","100","0","0","CACAMBA M 40 CONSTRUTOR","Estoque","",""
"2026-07-10","Prensa Recorte 02","81055","1440","0","0","CACAMBA M 60 SUPER","Estoque","",""
"2026-07-10","Prensa Debrum 03","81055","1189","2","0","CACAMBA M 60 SUPER","Estoque","",""
"2026-07-10","Prensa Estampa 09","81627","931","2","2","CACAMBA M 40 POP GALV","Estoque","",""
"2026-07-10","Prensa Estampa 09","81626","706","10","0","CACAMBA M 40 POP","Estoque","",""
"2026-07-10","Rodadeira 02","81055","810","30","0","CACAMBA M 60 SUPER","Estoque","",""
"2026-07-10","Rodadeira 02","81626","60","0","0","CACAMBA M 40 POP","Estoque","",""
"2026-07-10","Perfil ""U"" ZL","00672A","511","0","0","PERFIL UE 100X50X17X1,80","Estoque","",""
"2026-07-10","Perfil ""U"" ZL","00656K","219","0","0","PERFIL US 100X50X1,95 GALV","Estoque","",""
"2026-07-10","Rodadeira 01","81667","1083","0","0","CACAMBA M 40 CONST GALV","Estoque","",""
"2026-07-10","Prensa Recorte 01","81058","298","0","0","CACAMBA M 75 PLUS","Estoque","",""
"2026-07-10","Prensa Recorte 01","81627","545","0","0","CACAMBA M 40 POP GALV","Estoque","",""
"2026-07-10","Prensa Recorte 02","81667","1550","0","0","CACAMBA M 40 CONST GALV","Estoque","",""
"2026-07-10","Prensa Recorte 02","81053","300","0","0","CACAMBA M 40 CONSTRUTOR","Estoque","",""
"2026-07-10","Prensa 500 ton","81627","490","24","0","CACAMBA M 40 POP GALV","Estoque","",""
"2026-07-10","Prensa Estampa 09","81667","735","5","0","CACAMBA M 40 CONST GALV","Estoque","",""
"2026-07-10","Prensa Debrum 03","81626","850","1","1","CACAMBA M 40 POP","Estoque","",""
"2026-07-10","Prensa Debrum 03","81627","301","1","1","CACAMBA M 40 POP GALV","Estoque","",""
"2026-07-10","Prensa Debrum 03","81667","400","0","0","CACAMBA M 40 CONST GALV","Estoque","",""
"2026-07-10","Prensa Debrum 03","81667","300","0","0","CACAMBA M 40 CONST GALV","Estoque","",""
"2026-07-09","Corte","00695","311","0","0","CORT DOBRA VERGALHAO CA50 1/2"" (12,50MM)","Estoque","",""
"2026-07-10","Rodadeira 01","81053","1354","4","1","CACAMBA M 40 CONSTRUTOR","Estoque","",""
"2026-07-10","Prensa Estampa 09","81667","1005","5","0","CACAMBA M 40 CONST GALV","Estoque","",""
"2026-07-10","Prensa Debrum 03","81627","239","0","0","CACAMBA M 40 POP GALV","Estoque","",""
"2026-07-10","Prensa Debrum 03","81626","500","1","1","CACAMBA M 40 POP","Estoque","",""
"2026-07-10","Corte","00695","155","0","0","CORT DOBRA VERGALHAO CA50 1/2"" (12,50MM)","Estoque","",""
"2026-07-10","Dobra","00693D","280","0","0","DOBRA VERGALHAO CA50 5/16"" (8,00MM)","Estoque","",""
"2026-07-13","Perf. Telha Trapezoidal Marafon","02000","198","0","0","TELHA GALVALUME TP 40 0,43MM","Estoque","",""
"2026-07-13","Perf. Telha Trapezoidal Marafon","02008","24","0","0","TELHA GALVALUME TP 40 0,43MM 8,00M","Estoque","",""
"2026-07-13","Perf. Telha Trapezoidal Marafon","02003","13","0","0","TELHA GALVALUME TP 40 0,43MM 3,00M","Estoque","",""
"2026-07-13","Perf. Telha Trapezoidal Marafon","02004","100","0","0","TELHA GALVALUME TP 40 0,43MM 4,00M","Estoque","",""
"2026-07-13","Perf. Telha Trapezoidal Marafon","02020A","20","0","0","TELHA CUMEEIRA GL TRAP 40 ABAS 400MM","Estoque","",""
"2026-07-13","Perf. Telha Trapezoidal Marafon","02006","300","0","0","TELHA GALVALUME TP 40 0,43MM 6,00M","Estoque","",""
"2026-07-10","Perfil ""U"" ZL","00656K","225","0","0","PERFIL US 100X50X1,95 GALV","Estoque","",""
"2026-07-13","Perfil ""U"" BR200 Regiane","00654K","325","0","0","PERFIL US 92X30X1,95 GALV","Estoque","",""
"2026-07-13","Rodadeira 02","81823","1000","0","0","CACAMBA M 50 5.0","Estoque","",""
"2026-07-13","Prensa Debrum 03","81823","1095","1","0","CACAMBA M 50 5.0","Estoque","",""
"2026-07-13","Rodadeira 03","81667","814","6","0","CACAMBA M 40 CONST GALV","Estoque","",""
"2026-07-13","Rodadeira 01","81667","860","3","0","CACAMBA M 40 CONST GALV","Estoque","",""
"2026-07-13","Prensa 500 ton","81823","664","4","0","CACAMBA M 50 5.0","Estoque","",""
"2026-07-13","Prensa 500 ton","81627","85","1","0","CACAMBA M 40 POP GALV","Estoque","",""
"2026-07-13","Rodadeira 01","81667","1500","2","0","CACAMBA M 40 CONST GALV","Estoque","",""
"2026-07-13","Prensa Estampa 09","81667","910","10","0","CACAMBA M 40 CONST GALV","Estoque","",""
"2026-07-13","Prensa Recorte 01","81823","1720","0","0","CACAMBA M 50 5.0","Estoque","",""
"2026-07-14","Rodadeira 01","81053","240","10","0","CACAMBA M 40 CONSTRUTOR","Estoque","",""
"2026-07-14","Rodadeira 03","81667","380","0","0","CACAMBA M 40 CONST GALV","Estoque","",""
"2026-07-14","Rodadeira 03","81053","325","0","0","CACAMBA M 40 CONSTRUTOR","Estoque","",""
"2026-07-14","Rodadeira 03","81823","764","0","0","CACAMBA M 50 5.0","Estoque","",""
"2026-07-14","Prensa 500 ton","81627","650","14","0","CACAMBA M 40 POP GALV","Estoque","",""
"2026-07-14","Prensa Estampa 09","81667","1073","3","0","CACAMBA M 40 CONST GALV","Estoque","",""
"2026-07-14","Prensa Recorte 02","81667","1665","0","0","CACAMBA M 40 CONST GALV","Estoque","",""
"2026-07-14","Prensa Estampa 09","81667","430","0","0","CACAMBA M 40 CONST GALV","Estoque","",""
"2026-07-14","Prensa Estampa 09","81053","952","0","0","CACAMBA M 40 CONSTRUTOR","Estoque","",""
"2026-07-14","Prensa Debrum 03","81823","1072","0","0","CACAMBA M 50 5.0","Estoque","",""
"2026-07-14","Prensa Debrum 03","81823","432","0","0","CACAMBA M 50 5.0","Estoque","",""
"2026-07-14","Perf. Telha Ondulada V8","02014","7","0","0","TELHA GALVALUME OND 17 0,43MM 4,00M","Estoque","",""
"2026-07-14","Perf. Telha Ondulada V8","02000","9","0","0","TELHA GALVALUME TP 40 0,43MM","Estoque","",""
"2026-07-13","Dobra","00694","400","0","0","CORT DOBRA VERGALHAO CA50 3/8"" (10,00MM)","Estoque","",""
"2026-07-14","Rodadeira 02","81823","1010","3","0","CACAMBA M 50 5.0","Estoque","",""
"2026-07-15","Perf. Telha Trapezoidal Marafon","02007","100","0","0","TELHA GALVALUME TP 40 0,43MM 7,00M","Estoque","",""
"2026-07-15","Perf. Telha Trapezoidal Marafon","02006","100","0","0","TELHA GALVALUME TP 40 0,43MM 6,00M","Estoque","",""
"2026-07-15","Perf. Telha Trapezoidal Marafon","02003","100","0","0","TELHA GALVALUME TP 40 0,43MM 3,00M","Estoque","",""
"2026-07-15","Perf. Telha Trapezoidal Marafon","02020","200","0","0","TELHA CUMEEIRA GL TRAP 40 ABAS 300MM","Estoque","",""
"2026-07-15","Perf. Telha Trapezoidal Marafon","02000","61","0","0","TELHA GALVALUME TP 40 0,43MM","Estoque","",""
"2026-07-15","Perf. Telha Trapezoidal Marafon","02004","12","0","0","TELHA GALVALUME TP 40 0,43MM 4,00M","Estoque","",""
"2026-07-15","Perf. Telha Trapezoidal Marafon","02003","8","0","0","TELHA GALVALUME TP 40 0,43MM 3,00M","Estoque","",""
"2026-07-15","Perf. Telha Ondulada V8","02014","200","0","0","TELHA GALVALUME OND 17 0,43MM 4,00M","Estoque","",""
"2026-07-15","Perf. Telha Ondulada V8","02000","38","0","0","TELHA GALVALUME TP 40 0,43MM","Estoque","",""
"2026-07-15","Rodadeira 03","81053","730","8","0","CACAMBA M 40 CONSTRUTOR","Estoque","",""
"2026-07-15","Prensa Estampa 04","81667","450","3","0","CACAMBA M 40 CONST GALV","Estoque","",""
"2026-07-15","Prensa 500 ton","81627","653","3","0","CACAMBA M 40 POP GALV","Estoque","",""
"2026-07-15","Prensa Estampa 09","81667","1125","15","0","CACAMBA M 40 CONST GALV","Estoque","",""
"2026-07-15","Prensa Recorte 02","81053","1362","0","0","CACAMBA M 40 CONSTRUTOR","Estoque","",""
"2026-07-15","Prensa Recorte 02","81627","128","0","0","CACAMBA M 40 POP GALV","Estoque","",""
"2026-07-15","Prensa Recorte 01","81627","2000","0","0","CACAMBA M 40 POP GALV","Estoque","",""
"2026-07-15","Prensa Debrum 03","81053","730","10","0","CACAMBA M 40 CONSTRUTOR","Estoque","",""
"2026-07-15","Rodadeira 02","81823","300","0","0","CACAMBA M 50 5.0","Estoque","",""
"2026-07-15","Rodadeira 02","81627","700","0","0","CACAMBA M 40 POP GALV","Estoque","",""
"2026-07-15","Prensa Debrum 03","81823","402","0","0","CACAMBA M 50 5.0","Estoque","",""
"2026-07-15","Prensa Debrum 03","81627","80","0","0","CACAMBA M 40 POP GALV","Estoque","",""
"2026-07-15","Rodadeira 01","81053","1507","4","0","CACAMBA M 40 CONSTRUTOR","Estoque","",""
"2026-07-16","Perf. Telha Trapezoidal Marafon","02000","31","0","0","TELHA GALVALUME TP 40 0,43MM","Estoque","",""
"2026-07-16","Perf. Telha Trapezoidal Marafon","02004","112","0","0","TELHA GALVALUME TP 40 0,43MM 4,00M","Estoque","",""
"2026-07-16","Perf. Telha Trapezoidal Marafon","02003","111","0","0","TELHA GALVALUME TP 40 0,43MM 3,00M","Estoque","",""
"2026-07-16","Perf. Telha Trapezoidal Marafon","02007","200","0","0","TELHA GALVALUME TP 40 0,43MM 7,00M","Estoque","",""
"2026-07-16","Perf. Telha Trapezoidal Marafon","02008","100","0","0","TELHA GALVALUME TP 40 0,43MM 8,00M","Estoque","",""
"2026-07-16","Perf. Telha Ondulada V8","02000","25","0","0","TELHA GALVALUME TP 40 0,43MM","Estoque","",""
"2026-07-16","Perf. Telha Ondulada V8","02014","100","0","0","TELHA GALVALUME OND 17 0,43MM 4,00M","Estoque","",""
"2026-07-16","Prensa Debrum 03","81627","2105","2","2","CACAMBA M 40 POP GALV","Estoque","",""
"2026-07-16","Rodadeira 03","81667","710","1","0","CACAMBA M 40 CONST GALV","Estoque","",""
"2026-07-16","Rodadeira 01","81053","1006","2","0","CACAMBA M 40 CONSTRUTOR","Estoque","",""
"2026-07-16","Rodadeira 01","81667","2110","2","6","CACAMBA M 40 CONST GALV","Estoque","",""
"2026-07-16","Rodadeira 02","81627","830","0","0","CACAMBA M 40 POP GALV","Estoque","",""
"2026-07-16","Rodadeira 01","81627","410","0","0","CACAMBA M 40 POP GALV","Estoque","",""
"2026-07-16","Prensa Recorte 01","81627","1000","0","0","CACAMBA M 40 POP GALV","Estoque","",""
"2026-07-16","Prensa Recorte 02","81627","1500","12","0","CACAMBA M 40 POP GALV","Estoque","",""
"2026-07-16","Prensa Estampa 09","81667","1041","2","0","CACAMBA M 40 CONST GALV","Estoque","",""
"2026-07-16","Prensa Estampa 04","81667","450","0","0","CACAMBA M 40 CONST GALV","Estoque","",""
"2026-07-16","Prensa 500 ton","81627","603","18","0","CACAMBA M 40 POP GALV","Estoque","",""
"2026-07-15","Dobra","00691D","550","0","0","DOBRA VERGALHAO CA60 5,00MM","Estoque","",""
"2026-07-15","Dobra","00690D","1050","0","0","DOBRA VERGALHAO CA60 4,20MM","Estoque","",""
"2026-07-16","Dobra","00690D","1130","0","0","DOBRA VERGALHAO CA60 4,20MM","Estoque","",""
"2026-07-16","Dobra","00691D","550","0","0","DOBRA VERGALHAO CA60 5,00MM","Estoque","",""
"2026-07-17","Prensa Estampa 04","81667","340","10","0","CACAMBA M 40 CONST GALV","Estoque","",""
"2026-07-17","Prensa 500 ton","81626","707","21","0","CACAMBA M 40 POP","Estoque","",""
"2026-07-17","Rodadeira 01","81667","700","2","0","CACAMBA M 40 CONST GALV","Estoque","",""
"2026-07-17","Rodadeira 01","81667","650","0","0","CACAMBA M 40 CONST GALV","Estoque","",""
"2026-07-17","Rodadeira 01","81053","100","0","0","CACAMBA M 40 CONSTRUTOR","Estoque","",""
"2026-07-17","Rodadeira 01","81053","100","0","0","CACAMBA M 40 CONSTRUTOR","Estoque","",""
"2026-07-17","Rodadeira 01","81667","1504","2","0","CACAMBA M 40 CONST GALV","Estoque","",""
"2026-07-17","Rodadeira 02","81627","621","0","0","CACAMBA M 40 POP GALV","Estoque","",""
"2026-07-17","Rodadeira 02","81626","389","0","0","CACAMBA M 40 POP","Estoque","",""
"2026-07-17","Prensa Debrum 03","81627","1250","0","0","CACAMBA M 40 POP GALV","Estoque","",""
"2026-07-17","Prensa Debrum 03","81626","280","0","0","CACAMBA M 40 POP","Estoque","",""
"2026-07-17","Prensa Debrum 03","81627","65","0","0","CACAMBA M 40 POP GALV","Estoque","",""
"2026-07-17","Prensa Recorte 02","81667","1860","0","0","CACAMBA M 40 CONST GALV","Estoque","",""
"2026-07-17","Prensa Estampa 09","81667","726","6","0","CACAMBA M 40 CONST GALV","Estoque","",""
"2026-07-17","Perf. Telha Ondulada V8","02014","100","0","0","TELHA GALVALUME OND 17 0,43MM 4,00M","Estoque","",""
"2026-07-17","Perf. Telha Ondulada V8","02000","94","0","0","TELHA GALVALUME TP 40 0,43MM","Estoque","",""
"2026-07-17","Perf. Telha Trapezoidal Marafon","02006","44","0","0","TELHA GALVALUME TP 40 0,43MM 6,00M","Estoque","",""
"2026-07-17","Perf. Telha Trapezoidal Marafon","02003","62","0","0","TELHA GALVALUME TP 40 0,43MM 3,00M","Estoque","",""
"2026-07-17","Perf. Telha Trapezoidal Marafon","02000","211","0","0","TELHA GALVALUME TP 40 0,43MM","Estoque","",""
"2026-07-17","Perf. Telha Trapezoidal Marafon","02003","6","0","0","TELHA GALVALUME TP 40 0,43MM 3,00M","Estoque","",""
"2026-07-17","Perfil ""U"" ZL","00670K","216","0","0","PERFIL UE 75X40X15X1,95 GALV","Estoque","",""
"2026-07-17","Perfil ""U"" BR200 Regiane","00652K","108","0","0","PERFIL US 68X30X1,95 GALV","Estoque","",""
"2026-07-20","Perf. Telha Ondulada V8","02016","10","0","0","TELHA GALVALUME OND 17 0,43MM 6,00M","Estoque","",""
"2026-07-20","Perf. Telha Trapezoidal Marafon","02006","100","0","0","TELHA GALVALUME TP 40 0,43MM 6,00M","Estoque","",""
"2026-07-20","Perf. Telha Trapezoidal Marafon","02005","300","0","0","TELHA GALVALUME TP 40 0,43MM 5,00M","Estoque","",""
"2026-07-20","Perf. Telha Trapezoidal Marafon","02000","84","0","0","TELHA GALVALUME TP 40 0,43MM","Estoque","",""
"2026-07-20","Perf. Telha Trapezoidal Marafon","02003","9","0","0","TELHA GALVALUME TP 40 0,43MM 3,00M","Estoque","",""
"2026-07-20","Perf. Telha Trapezoidal Marafon","02020","25","0","0","TELHA CUMEEIRA GL TRAP 40 ABAS 300MM","Estoque","",""
"2026-07-20","Prensa Estampa 04","81667","266","4","0","CACAMBA M 40 CONST GALV","Estoque","",""
"2026-07-20","Prensa 500 ton","81626","764","23","0","CACAMBA M 40 POP","Estoque","",""
"2026-07-20","Prensa Estampa 09","81667","1109","4","0","CACAMBA M 40 CONST GALV","Estoque","",""
"2026-07-20","Prensa Estampa 09","81053","56","6","0","CACAMBA M 40 CONSTRUTOR","Estoque","",""
"2026-07-20","Prensa Recorte 01","81626","900","0","0","CACAMBA M 40 POP","Estoque","",""
"2026-07-20","Prensa Recorte 02","81667","1900","0","0","CACAMBA M 40 CONST GALV","Estoque","",""
"2026-07-20","Rodadeira 01","81667","1830","1","0","CACAMBA M 40 CONST GALV","Estoque","",""
"2026-07-20","Rodadeira 01","81627","700","3","0","CACAMBA M 40 POP GALV","Estoque","",""
"2026-07-20","Rodadeira 02","81626","600","0","0","CACAMBA M 40 POP","Estoque","",""
"2026-07-20","Rodadeira 03","81667","620","0","0","CACAMBA M 40 CONST GALV","Estoque","",""
"2026-07-20","Rodadeira 03","81667","712","0","0","CACAMBA M 40 CONST GALV","Estoque","",""
"2026-07-20","Prensa Debrum 03","81626","970","0","0","CACAMBA M 40 POP","Estoque","",""
"2026-07-20","Prensa Debrum 03","81627","3","0","0","CACAMBA M 40 POP GALV","Estoque","",""
"2026-07-21","Perf. Telha Trapezoidal Marafon","02005","100","0","0","TELHA GALVALUME TP 40 0,43MM 5,00M","Estoque","",""
"2026-07-21","Perf. Telha Trapezoidal Marafon","02007","192","0","0","TELHA GALVALUME TP 40 0,43MM 7,00M","Estoque","",""
"2026-07-21","Perf. Telha Trapezoidal Marafon","02000","3","0","0","TELHA GALVALUME TP 40 0,43MM","Estoque","",""
"2026-07-21","Perf. Telha Trapezoidal Marafon","02007","100","0","0","TELHA GALVALUME TP 40 0,43MM 7,00M","Estoque","",""
"2026-07-21","Perf. Telha Trapezoidal Marafon","02006","201","0","0","TELHA GALVALUME TP 40 0,43MM 6,00M","Estoque","",""
"2026-07-21","Rodadeira 01","81627","100","0","0","CACAMBA M 40 POP GALV","Estoque","",""
"2026-07-21","Rodadeira 01","81053","750","0","0","CACAMBA M 40 CONSTRUTOR","Estoque","",""
"2026-07-21","Rodadeira 01","81667","1508","5","0","CACAMBA M 40 CONST GALV","Estoque","",""
"2026-07-21","Rodadeira 03","81626","400","0","0","CACAMBA M 40 POP","Estoque","",""
"2026-07-21","Prensa Recorte 01","81626","950","0","0","CACAMBA M 40 POP","Estoque","",""
"2026-07-21","Prensa Recorte 02","81667","155","0","0","CACAMBA M 40 CONST GALV","Estoque","",""
"2026-07-21","Prensa Recorte 02","81053","1700","0","0","CACAMBA M 40 CONSTRUTOR","Estoque","",""
"2026-07-21","Prensa 500 ton","81626","649","6","0","CACAMBA M 40 POP","Estoque","",""
"2026-07-21","Prensa 500 ton","81055","21","6","0","CACAMBA M 60 SUPER","Estoque","",""
"2026-07-21","Prensa Estampa 04","81667","336","0","0","CACAMBA M 40 CONST GALV","Estoque","",""
"2026-07-21","Prensa Estampa 04","81667","25","0","0","CACAMBA M 40 CONST GALV","Estoque","",""
"2026-07-21","Prensa Estampa 09","81053","1360","10","0","CACAMBA M 40 CONSTRUTOR","Estoque","",""
"2026-07-21","Prensa Debrum 03","81627","111","1","1","CACAMBA M 40 POP GALV","Estoque","",""
"2026-07-21","Prensa Debrum 03","81626","508","4","4","CACAMBA M 40 POP","Estoque","",""
"2026-07-21","Rodadeira 03","81667","40","0","0","CACAMBA M 40 CONST GALV","Estoque","",""
"2026-07-21","Rodadeira 03","81053","460","17","0","CACAMBA M 40 CONSTRUTOR","Estoque","",""
"2026-07-20","Perfil ""U"" ZL","00676K","223","0","0","PERFIL UE 150X60X20X1,95 GALV","Estoque","",""
"2026-07-20","Perfil ""U"" Marafon","00670B","116","0","0","PERFIL UE 75X40X15X2,00","Estoque","",""
"2026-07-20","Perfil ""U"" BR200 Regiane","00652K","113","0","0","PERFIL US 68X30X1,95 GALV","Estoque","",""
"2026-07-20","Perfil ""U"" BR200 Regiane","00652B","277","0","0","PERFIL US 68X30X2,00","Estoque","",""
"2026-07-21","Perfil ""U"" ZL","00676B","138","0","0","PERFIL UE 150X60X20X2,00","Estoque","",""
"2026-07-21","Perfil ""U"" ZL","00676A","130","0","0","PERFIL UE 150X60X20X1,80","Estoque","",""
"2026-07-21","Perfil ""U"" ZL","00676E","78","0","0","PERFIL UE 150X60X20X3,00","Estoque","",""
"2026-07-21","Perfil ""U"" Marafon","00670B","348","0","0","PERFIL UE 75X40X15X2,00","Estoque","",""
"2026-07-21","Perfil ""U"" BR200 Regiane","00652B","339","0","0","PERFIL US 68X30X2,00","Estoque","",""
"2026-07-22","Perfil ""U"" ZL","00664K","336","0","0","PERFIL US 150X50X1,95 GALV","Estoque","",""
"2026-07-22","Perf. Telha Trapezoidal Marafon","02008","100","0","0","TELHA GALVALUME TP 40 0,43MM 8,00M","Estoque","",""
"2026-07-22","Perf. Telha Trapezoidal Marafon","02000","68","0","0","TELHA GALVALUME TP 40 0,43MM","Estoque","",""
"2026-07-22","Perf. Telha Trapezoidal Marafon","02006","18","0","0","TELHA GALVALUME TP 40 0,43MM 6,00M","Estoque","",""
"2026-07-22","Perf. Telha Trapezoidal Marafon","02004","306","0","0","TELHA GALVALUME TP 40 0,43MM 4,00M","Estoque","",""
"2026-07-22","Perf. Telha Trapezoidal Marafon","02005","100","0","0","TELHA GALVALUME TP 40 0,43MM 5,00M","Estoque","",""
"2026-07-22","Perf. Telha Trapezoidal Marafon","02020","100","0","0","TELHA CUMEEIRA GL TRAP 40 ABAS 300MM","Estoque","",""
"2026-07-20","Dobra","00691D","1000","0","0","DOBRA VERGALHAO CA60 5,00MM","Estoque","",""
"2026-07-21","Dobra","00694D","100","0","0","DOBRA VERGALHAO CA50 3/8"" (10,00MM)","Estoque","",""
"2026-07-21","Dobra","00695","158","0","0","CORT DOBRA VERGALHAO CA50 1/2"" (12,50MM)","Estoque","",""
"2026-07-22","Dobra","00694D","540","0","0","DOBRA VERGALHAO CA50 3/8"" (10,00MM)","Estoque","",""
"2026-07-23","Perf. Telha Trapezoidal Marafon","02008","100","0","0","TELHA GALVALUME TP 40 0,43MM 8,00M","Estoque","",""
"2026-07-23","Perf. Telha Trapezoidal Marafon","02005","33","0","0","TELHA GALVALUME TP 40 0,43MM 5,00M","Estoque","",""
"2026-07-23","Perf. Telha Trapezoidal Marafon","02000","112","0","0","TELHA GALVALUME TP 40 0,43MM","Estoque","",""
"2026-07-23","Perf. Telha Trapezoidal Marafon","02006","510","0","0","TELHA GALVALUME TP 40 0,43MM 6,00M","Estoque","",""
"2026-07-23","Perf. Telha Trapezoidal Marafon","02020","11","0","0","TELHA CUMEEIRA GL TRAP 40 ABAS 300MM","Estoque","",""
"2026-07-24","Perf. Telha Trapezoidal Marafon","02000","92","0","0","TELHA GALVALUME TP 40 0,43MM","Estoque","",""
"2026-07-24","Perf. Telha Trapezoidal Marafon","02020","16","0","0","TELHA CUMEEIRA GL TRAP 40 ABAS 300MM","Estoque","",""
"2026-07-24","Perf. Telha Trapezoidal Marafon","02005","100","0","0","TELHA GALVALUME TP 40 0,43MM 5,00M","Estoque","",""
"2026-07-24","Perf. Telha Trapezoidal Marafon","02005","200","0","0","TELHA GALVALUME TP 40 0,43MM 5,00M","Estoque","",""
"2026-07-24","Perf. Telha Trapezoidal Marafon","02004","100","0","0","TELHA GALVALUME TP 40 0,43MM 4,00M","Estoque","",""
"2026-07-24","Perf. Telha Ondulada V8","02014","100","0","0","TELHA GALVALUME OND 17 0,43MM 4,00M","Estoque","",""
"2026-07-23","Perfil ""U"" Marafon","00653B","333","0","0","PERFIL US 75X40X2,00","Estoque","",""
"2026-07-23","Perfil ""U"" Marafon","00653K","336","0","0","PERFIL US 75X40X1,95 GALV","Estoque","",""
"2026-07-24","Perfil ""U"" Marafon","00653B","207","0","0","PERFIL US 75X40X2,00","Estoque","",""
"2026-07-22","Prensa Estampa 04","81667","396","2","0","CACAMBA M 40 CONST GALV","Estoque","",""
"2026-07-22","Prensa Estampa 09","81053","1165","7","0","CACAMBA M 40 CONSTRUTOR","Estoque","",""
"2026-07-22","Prensa Recorte 01","81053","1600","0","0","CACAMBA M 40 CONSTRUTOR","Estoque","",""
"2026-07-22","Prensa 500 ton","81058","610","0","0","CACAMBA M 75 PLUS","Estoque","",""
"2026-07-22","Rodadeira 01","81053","1537","1","0","CACAMBA M 40 CONSTRUTOR","Estoque","",""
"2026-07-22","Rodadeira 03","81667","723","0","0","CACAMBA M 40 CONST GALV","Estoque","",""
"2026-07-22","Rodadeira 02","81053","902","0","0","CACAMBA M 40 CONSTRUTOR","Estoque","",""
"2026-07-22","Rodadeira 01","81053","840","10","0","CACAMBA M 40 CONSTRUTOR","Estoque","",""
"2026-07-22","Prensa Debrum 03","81626","2000","0","0","CACAMBA M 40 POP","Estoque","",""
"2026-07-22","Prensa Recorte 01","81055","525","0","0","CACAMBA M 60 SUPER","Estoque","",""
"2026-07-22","Prensa Recorte 01","81627","295","0","0","CACAMBA M 40 POP GALV","Estoque","",""
"2026-07-23","Rodadeira 01","81667","740","6","0","CACAMBA M 40 CONST GALV","Estoque","",""
"2026-07-23","Rodadeira 02","81626","200","0","0","CACAMBA M 40 POP","Estoque","",""
"2026-07-23","Rodadeira 02","81055","900","0","0","CACAMBA M 60 SUPER","Estoque","",""
"2026-07-23","Prensa Estampa 04","81667","399","11","0","CACAMBA M 40 CONST GALV","Estoque","",""
"2026-07-23","Prensa 500 ton","81058","322","11","0","CACAMBA M 75 PLUS","Estoque","",""
"2026-07-23","Prensa 500 ton","81627","18","3","0","CACAMBA M 40 POP GALV","Estoque","",""
"2026-07-23","Prensa Estampa 09","81627","380","4","0","CACAMBA M 40 POP GALV","Estoque","",""
"2026-07-23","Prensa Estampa 09","81053","707","8","0","CACAMBA M 40 CONSTRUTOR","Estoque","",""
"2026-07-23","Prensa Debrum 03","81626","256","0","0","CACAMBA M 40 POP","Estoque","",""
"2026-07-23","Prensa Debrum 03","81055","420","0","0","CACAMBA M 60 SUPER","Estoque","",""
"2026-07-23","Prensa Recorte 01","81055","142","0","0","CACAMBA M 60 SUPER","Estoque","",""
"2026-07-23","Prensa Recorte 01","81058","550","0","0","CACAMBA M 75 PLUS","Estoque","",""
"2026-07-23","Rodadeira 01","81053","1050","0","0","CACAMBA M 40 CONSTRUTOR","Estoque","",""
"2026-07-23","Rodadeira 01","81667","950","3","0","CACAMBA M 40 CONST GALV","Estoque","",""
"2026-07-23","Rodadeira 03","81667","607","2","0","CACAMBA M 40 CONST GALV","Estoque","",""
"2026-07-23","Prensa Recorte 02","81667","1801","0","0","CACAMBA M 40 CONST GALV","Estoque","",""
"2026-07-24","Prensa Estampa 04","81667","431","4","0","CACAMBA M 40 CONST GALV","Estoque","",""
"2026-07-24","Prensa Estampa 04","81627","574","12","0","CACAMBA M 40 POP GALV","Estoque","",""
"2026-07-24","Prensa Estampa 04","81823","176","2","0","CACAMBA M 50 5.0","Estoque","",""
"2026-07-24","Prensa Recorte 01","81667","1700","0","0","CACAMBA M 40 CONST GALV","Estoque","",""
"2026-07-24","Prensa Recorte 01","81058","741","0","0","CACAMBA M 75 PLUS","Estoque","",""
"2026-07-24","Prensa Recorte 01","81627","364","0","0","CACAMBA M 40 POP GALV","Estoque","",""
"2026-07-24","Rodadeira 01","81667","750","3","0","CACAMBA M 40 CONST GALV","Estoque","",""
"2026-07-24","Rodadeira 02","81058","1130","5","0","CACAMBA M 75 PLUS","Estoque","",""
"2026-07-24","Prensa Debrum 03","81055","337","2","2","CACAMBA M 60 SUPER","Estoque","",""
"2026-07-24","Prensa Debrum 03","81058","1102","2","2","CACAMBA M 75 PLUS","Estoque","",""
"2026-07-24","Rodadeira 03","81667","630","0","0","CACAMBA M 40 CONST GALV","Estoque","",""
"2026-07-24","Prensa Recorte 01","81053","50","0","0","CACAMBA M 40 CONSTRUTOR","Estoque","",""
"2026-07-24","Prensa Recorte 01","81667","1500","2","0","CACAMBA M 40 CONST GALV","Estoque","",""
"2026-07-24","Prensa Estampa 09","81667","1161","1","0","CACAMBA M 40 CONST GALV","Estoque","",""
"2026-07-24","Dobra","00693D","540","0","0","DOBRA VERGALHAO CA50 5/16"" (8,00MM)","Estoque","",""
"2026-07-27","Perf. Telha Trapezoidal Marafon","02008","44","0","0","TELHA GALVALUME TP 40 0,43MM 8,00M","Estoque","",""
"2026-07-27","Perf. Telha Trapezoidal Marafon","02000","334","0","0","TELHA GALVALUME TP 40 0,43MM","Estoque","",""
"2026-07-27","Perf. Telha Trapezoidal Marafon","02005","22","0","0","TELHA GALVALUME TP 40 0,43MM 5,00M","Estoque","",""
"2026-07-27","Perf. Telha Trapezoidal Marafon","02006","100","0","0","TELHA GALVALUME TP 40 0,43MM 6,00M","Estoque","",""
"2026-07-27","Perf. Telha Trapezoidal Marafon","02007","50","0","0","TELHA GALVALUME TP 40 0,43MM 7,00M","Estoque","",""
"2026-07-27","Perf. Telha Trapezoidal Marafon","02004","100","0","0","TELHA GALVALUME TP 40 0,43MM 4,00M","Estoque","",""
"2026-07-27","Perf. Telha Trapezoidal Marafon","02007","6","0","0","TELHA GALVALUME TP 40 0,43MM 7,00M","Estoque","",""
"2026-07-27","Perf. Telha Trapezoidal Marafon","02003","6","0","0","TELHA GALVALUME TP 40 0,43MM 3,00M","Estoque","",""
"2026-07-27","Perf. Telha Trapezoidal Marafon","02003","100","0","0","TELHA GALVALUME TP 40 0,43MM 3,00M","Estoque","",""
"2026-07-27","Perf. Telha Ondulada V8","02000","5","0","0","TELHA GALVALUME TP 40 0,43MM","Estoque","",""
"2026-07-27","Perf. Telha Ondulada V8","02014","5","0","0","TELHA GALVALUME OND 17 0,43MM 4,00M","Estoque","",""
"2026-07-27","Rodadeira 01","81667","1600","0","0","CACAMBA M 40 CONST GALV","Estoque","",""
"2026-07-27","Rodadeira 02","81627","600","0","0","CACAMBA M 40 POP GALV","Estoque","",""
"2026-07-27","Rodadeira 02","81626","58","0","0","CACAMBA M 40 POP","Estoque","",""
"2026-07-27","Rodadeira 02","81667","721","0","0","CACAMBA M 40 CONST GALV","Estoque","",""
"2026-07-27","Prensa Recorte 02","81667","1650","0","0","CACAMBA M 40 CONST GALV","Estoque","",""
"2026-07-27","Rodadeira 03","81667","800","3","0","CACAMBA M 40 CONST GALV","Estoque","",""
"2026-07-27","Prensa Debrum 03","81058","220","0","0","CACAMBA M 75 PLUS","Estoque","",""
"2026-07-27","Prensa Debrum 03","81823","308","2","2","CACAMBA M 50 5.0","Estoque","",""
"2026-07-27","Prensa Debrum 03","81627","898","0","0","CACAMBA M 40 POP GALV","Estoque","",""
"2026-07-27","Prensa Debrum 03","81626","58","0","0","CACAMBA M 40 POP","Estoque","",""
"2026-07-27","Prensa 500 ton","81823","750","13","0","CACAMBA M 50 5.0","Estoque","",""
"2026-07-27","Prensa Estampa 04","81626","224","11","0","CACAMBA M 40 POP","Estoque","",""
"2026-07-27","Prensa Estampa 04","81667","1070","20","0","CACAMBA M 40 CONST GALV","Estoque","",""
"2026-07-27","Perfil ""U"" ZL","00668A","631","0","0","PERFIL UE 50X25X10X1,80","Estoque","",""
"2026-07-27","Perfil ""U"" Marafon","00653B","104","0","0","PERFIL US 75X40X2,00","Estoque","",""
"2026-07-27","Perfil ""U"" Marafon","00653A","250","0","0","PERFIL US 75X40X1,80","Estoque","",""
"2026-07-27","Perfil ""U"" Marafon","00653K","230","0","0","PERFIL US 75X40X1,95 GALV","Estoque","",""
"2026-07-28","Perfil ""U"" ZL","00668K","228","0","0","PERFIL UE 50X25X10X1,95 GALV","Estoque","",""
"2026-07-28","Perfil ""U"" Marafon","00653K","116","0","0","PERFIL US 75X40X1,95 GALV","Estoque","",""
"2026-02-28","Prensa Estampa 04","81626","48","0","0","CACAMBA M 40 POP","Estoque","",""
"2026-02-28","Prensa Estampa 04","81823","489","1","0","CACAMBA M 50 5.0","Estoque","",""
"2026-02-28","Prensa 500 ton","81823","288","1","0","CACAMBA M 50 5.0","Estoque","",""
"2026-02-28","Prensa 500 ton","81055","228","8","0","CACAMBA M 60 SUPER","Estoque","",""
"2026-02-28","Prensa Recorte 02","81667","2000","0","0","CACAMBA M 40 CONST GALV","Estoque","",""
"2026-02-28","Prensa Estampa 09","81667","1244","15","0","CACAMBA M 40 CONST GALV","Estoque","",""
"2026-02-28","Prensa Recorte 01","81823","1400","0","0","CACAMBA M 50 5.0","Estoque","",""
"2026-02-28","Prensa Recorte 02","81667","750","0","0","CACAMBA M 40 CONST GALV","Estoque","",""
"2026-02-28","Prensa Recorte 02","81823","170","0","0","CACAMBA M 50 5.0","Estoque","",""
"2026-02-28","Rodadeira 02","81823","1110","0","0","CACAMBA M 50 5.0","Estoque","",""
"2026-02-28","Rodadeira 03","81667","623","3","0","CACAMBA M 40 CONST GALV","Estoque","",""
"2026-02-28","Prensa Debrum 03","81823","1400","2","2","CACAMBA M 50 5.0","Estoque","",""
"2026-02-28","Rodadeira 01","81667","1800","3","0","CACAMBA M 40 CONST GALV","Estoque","",""
"2026-07-29","Prensa 500 ton","81055","942","8","0","CACAMBA M 60 SUPER","Estoque","",""
"2026-07-29","Prensa Recorte 01","81823","634","0","0","CACAMBA M 50 5.0","Estoque","",""
"2026-07-29","Prensa Recorte 01","81055","1000","0","0","CACAMBA M 60 SUPER","Estoque","",""
"2026-07-29","Prensa Estampa 09","81667","1275","5","0","CACAMBA M 40 CONST GALV","Estoque","",""
"2026-07-29","Rodadeira 01","81667","2100","3","0","CACAMBA M 40 CONST GALV","Estoque","",""
"2026-07-29","Rodadeira 02","81823","814","0","0","CACAMBA M 50 5.0","Estoque","",""
"2026-07-29","Rodadeira 02","81055","325","0","0","CACAMBA M 60 SUPER","Estoque","",""
"2026-07-29","Rodadeira 03","81667","623","9","0","CACAMBA M 40 CONST GALV","Estoque","",""
"2026-07-29","Prensa Debrum 03","81823","1036","2","2","CACAMBA M 50 5.0","Estoque","",""
"2026-07-29","Prensa Debrum 03","81058","256","0","0","CACAMBA M 75 PLUS","Estoque","",""
"2026-07-29","Prensa Debrum 03","81055","20","0","0","CACAMBA M 60 SUPER","Estoque","",""
"2026-07-29","Prensa Recorte 02","81667","2000","0","0","CACAMBA M 40 CONST GALV","Estoque","",""
"2026-07-28","Perf. Telha Trapezoidal Marafon","02003","200","0","0","TELHA GALVALUME TP 40 0,43MM 3,00M","Estoque","",""
"2026-07-28","Perf. Telha Trapezoidal Marafon","02006","100","0","0","TELHA GALVALUME TP 40 0,43MM 6,00M","Estoque","",""
"2026-07-28","Perf. Telha Trapezoidal Marafon","02000","95","0","0","TELHA GALVALUME TP 40 0,43MM","Estoque","",""
"2026-07-28","Perf. Telha Trapezoidal Marafon","02005","4","0","0","TELHA GALVALUME TP 40 0,43MM 5,00M","Estoque","",""
"2026-07-28","Perf. Telha Trapezoidal Marafon","02008","100","0","0","TELHA GALVALUME TP 40 0,43MM 8,00M","Estoque","",""
"2026-07-28","Perf. Telha Trapezoidal Marafon","02005","200","0","0","TELHA GALVALUME TP 40 0,43MM 5,00M","Estoque","",""
"2026-07-29","Perf. Telha Trapezoidal Marafon","02000","88","0","0","TELHA GALVALUME TP 40 0,43MM","Estoque","",""
"2026-07-29","Perf. Telha Trapezoidal Marafon","02006","10","0","0","TELHA GALVALUME TP 40 0,43MM 6,00M","Estoque","",""
"2026-07-29","Perf. Telha Trapezoidal Marafon","02020","42","0","0","TELHA CUMEEIRA GL TRAP 40 ABAS 300MM","Estoque","",""
"2026-07-27","Dobra","00691D","1038","0","0","DOBRA VERGALHAO CA60 5,00MM","Estoque","",""
"2026-07-28","Dobra","00694D","280","0","0","DOBRA VERGALHAO CA50 3/8"" (10,00MM)","Estoque","",""
"2026-07-28","Corte","00691","1089","0","0","CORT DOBRA VERGALHAO CA60 5,00MM","Estoque","",""
"2026-07-28","Dobra","00693D","720","0","0","DOBRA VERGALHAO CA50 5/16"" (8,00MM)","Estoque","",""
"2026-07-29","Perfil ""U"" ZL","00674K","125","0","0","PERFIL UE 127X50X17X1,95 GALV","Estoque","",""
"2026-07-29","Perfil ""U"" ZL","00670K","441","0","0","PERFIL UE 75X40X15X1,95 GALV","Estoque","",""
"2026-07-30","Perfil ""U"" Marafon","00670K","71","0","0","PERFIL UE 75X40X15X1,95 GALV","Estoque","",""
"2026-07-30","Perf. Telha Trapezoidal Marafon","02000","925","0","0","TELHA GALVALUME TP 40 0,43MM","Estoque","",""
"2026-07-30","Perf. Telha Trapezoidal Marafon","02000","925","0","0","TELHA GALVALUME TP 40 0,43MM","Estoque","",""
"2026-07-30","Perf. Telha Trapezoidal Marafon","02020A","215","0","0","TELHA CUMEEIRA GL TRAP 40 ABAS 400MM","Estoque","",""
"2026-07-30","Perf. Telha Trapezoidal Marafon","02005","15","0","0","TELHA GALVALUME TP 40 0,43MM 5,00M","Estoque","",""
"2026-07-30","Perf. Telha Trapezoidal Marafon","02003","8","0","0","TELHA GALVALUME TP 40 0,43MM 3,00M","Estoque","",""
"2026-07-30","Prensa 500 ton","81055","13","0","0","CACAMBA M 60 SUPER","Estoque","",""
"2026-07-30","Prensa 500 ton","81058","972","8","0","CACAMBA M 75 PLUS","Estoque","",""
"2026-07-30","Prensa Estampa 09","81667","1245","5","0","CACAMBA M 40 CONST GALV","Estoque","",""
"2026-07-30","Rodadeira 01","81667","652","0","0","CACAMBA M 40 CONST GALV","Estoque","",""
"2026-07-30","Prensa Recorte 01","81055","1033","0","0","CACAMBA M 60 SUPER","Estoque","",""
"2026-07-30","Prensa Recorte 01","81058","220","0","0","CACAMBA M 75 PLUS","Estoque","",""
"2026-07-30","Rodadeira 03","81667","734","2","0","CACAMBA M 40 CONST GALV","Estoque","",""
"2026-07-30","Prensa Recorte 02","81667","2100","0","0","CACAMBA M 40 CONST GALV","Estoque","",""
"2026-07-30","Prensa Debrum 03","81055","1504","4","4","CACAMBA M 60 SUPER","Estoque","",""
"2026-07-30","Rodadeira 02","81055","1032","0","0","CACAMBA M 60 SUPER","Estoque","",""
"2026-07-30","Perfil ""U"" ZL","00674K","216","0","0","PERFIL UE 127X50X17X1,95 GALV","Estoque","",""
"2026-07-30","Perfil ""U"" Marafon","00670K","431","0","0","PERFIL UE 75X40X15X1,95 GALV","Estoque","",""
"2026-07-30","Dobra","00694D","280","0","0","DOBRA VERGALHAO CA50 3/8"" (10,00MM)","Estoque","",""
"2026-07-31","Perf. Telha Ondulada V8","02000","74","0","0","TELHA GALVALUME TP 40 0,43MM","Estoque","",""
"2026-07-31","Perf. Telha Ondulada V8","02013","11","0","0","TELHA GALVALUME OND 17 0,43MM 3,00M","Estoque","",""
"2026-07-31","Perf. Telha Trapezoidal Marafon","02007","100","0","0","TELHA GALVALUME TP 40 0,43MM 7,00M","Estoque","",""
"2026-07-31","Perf. Telha Trapezoidal Marafon","02006","100","0","0","TELHA GALVALUME TP 40 0,43MM 6,00M","Estoque","",""
"2026-07-31","Perf. Telha Trapezoidal Marafon","02005","1","0","0","TELHA GALVALUME TP 40 0,43MM 5,00M","Estoque","",""
"2026-07-31","Perf. Telha Trapezoidal Marafon","02000","79","0","0","TELHA GALVALUME TP 40 0,43MM","Estoque","",""
"2026-07-31","Perf. Telha Trapezoidal Marafon","02003","15","0","0","TELHA GALVALUME TP 40 0,43MM 3,00M","Estoque","",""
"2026-08-03","Perf. Telha Trapezoidal Marafon","02000","181","0","0","TELHA GALVALUME TP 40 0,43MM","Estoque","",""
"2026-08-03","Perf. Telha Trapezoidal Marafon","02004","49","0","0","TELHA GALVALUME TP 40 0,43MM 4,00M","Estoque","",""
"2026-08-03","Perf. Telha Trapezoidal Marafon","02006","15","0","0","TELHA GALVALUME TP 40 0,43MM 6,00M","Estoque","",""
"2026-08-03","Perf. Telha Trapezoidal Marafon","02005","16","0","0","TELHA GALVALUME TP 40 0,43MM 5,00M","Estoque","",""
"2026-08-03","Perf. Telha Trapezoidal Marafon","02003","2","0","0","TELHA GALVALUME TP 40 0,43MM 3,00M","Estoque","",""
"2026-08-03","Perf. Telha Trapezoidal Marafon","02007","100","0","0","TELHA GALVALUME TP 40 0,43MM 7,00M","Estoque","",""
"2026-08-03","Perf. Telha Trapezoidal Marafon","02006","100","0","0","TELHA GALVALUME TP 40 0,43MM 6,00M","Estoque","",""
"2026-08-03","Perf. Telha Trapezoidal Marafon","02008","100","0","0","TELHA GALVALUME TP 40 0,43MM 8,00M","Estoque","",""
"2026-08-03","Perf. Telha Trapezoidal Marafon","02006","11","0","0","TELHA GALVALUME TP 40 0,43MM 6,00M","Estoque","",""
"2026-08-03","Perf. Telha Ondulada V8","02000","10","0","0","TELHA GALVALUME TP 40 0,43MM","Estoque","",""
"2026-08-03","Perfil ""U"" ZL","00674K","220","0","0","PERFIL UE 127X50X17X1,95 GALV","Estoque","",""
"2026-08-03","Perfil ""U"" ZL","00660K","113","0","0","PERFIL US 127X50X1,95 GALV","Estoque","",""
"2026-08-03","Perfil ""U"" BR200 Regiane","00651K","208","0","0","PERFIL US 50X25X1,95 GALV","Estoque","",""
"2026-08-03","Perfil ""U"" Marafon","00670K","482","0","0","PERFIL UE 75X40X15X1,95 GALV","Estoque","",""
"2026-08-03","Dobra","00694","350","0","0","CORT DOBRA VERGALHAO CA50 3/8"" (10,00MM)","Estoque","",""
"2026-08-03","Rodadeira 02","81626","917","0","0","CACAMBA M 40 POP","Estoque","",""
"2026-08-03","Rodadeira 02","81626","917","0","0","CACAMBA M 40 POP","Estoque","",""
"2026-08-03","Rodadeira 01","81667","830","0","0","CACAMBA M 40 CONST GALV","Estoque","",""
"2026-08-03","Rodadeira 03","81667","705","5","0","CACAMBA M 40 CONST GALV","Estoque","",""
"2026-08-03","Prensa Recorte 01","81626","900","0","0","CACAMBA M 40 POP","Estoque","",""
"2026-08-03","Prensa 500 ton","81626","430","2","0","CACAMBA M 40 POP","Estoque","",""
"2026-08-03","Prensa 500 ton","81627","403","12","0","CACAMBA M 40 POP GALV","Estoque","",""
"2026-08-03","Prensa Debrum 03","81626","577","0","0","CACAMBA M 40 POP","Estoque","",""
"2026-08-03","Prensa Estampa 09","81667","1305","5","0","CACAMBA M 40 CONST GALV","Estoque","",""
"2026-08-03","Prensa Recorte 02","81667","1910","0","0","CACAMBA M 40 CONST GALV","Estoque","",""
"2026-08-04","Rodadeira 01","81667","810","0","0","CACAMBA M 40 CONST GALV","Estoque","",""
"2026-08-04","Rodadeira 02","81626","323","0","0","CACAMBA M 40 POP","Estoque","",""
"2026-08-04","Rodadeira 02","81627","500","0","0","CACAMBA M 40 POP GALV","Estoque","",""
"2026-08-04","Prensa Recorte 01","81626","323","0","0","CACAMBA M 40 POP","Estoque","",""
"2026-08-04","Prensa Recorte 01","81627","900","0","0","CACAMBA M 40 POP GALV","Estoque","",""
"2026-08-04","Prensa Estampa 09","81053","1111","16","0","CACAMBA M 40 CONSTRUTOR","Estoque","",""
"2026-08-04","Prensa 500 ton","81627","526","13","0","CACAMBA M 40 POP GALV","Estoque","",""
"2026-08-04","Prensa Recorte 02","81667","1880","0","0","CACAMBA M 40 CONST GALV","Estoque","",""
"2026-08-04","Rodadeira 03","81667","703","2","0","CACAMBA M 40 CONST GALV","Estoque","",""
"2026-08-04","Prensa Debrum 03","81626","1008","5","5","CACAMBA M 40 POP","Estoque","",""
"2026-08-04","Prensa Debrum 03","81627","375","0","0","CACAMBA M 40 POP GALV","Estoque","",""
"2026-08-04","Rodadeira 01","81667","1500","0","0","CACAMBA M 40 CONST GALV","Estoque","",""
"2026-08-04","Perf. Telha Trapezoidal Marafon","02006","100","0","0","TELHA GALVALUME TP 40 0,43MM 6,00M","Estoque","",""
"2026-08-04","Perf. Telha Trapezoidal Marafon","02005","100","0","0","TELHA GALVALUME TP 40 0,43MM 5,00M","Estoque","",""
"2026-08-04","Perf. Telha Trapezoidal Marafon","02000","29","0","0","TELHA GALVALUME TP 40 0,43MM","Estoque","",""
"2026-08-04","Perf. Telha Trapezoidal Marafon","02008","7","0","0","TELHA GALVALUME TP 40 0,43MM 8,00M","Estoque","",""
"2026-08-04","Perf. Telha Trapezoidal Marafon","02007","100","0","0","TELHA GALVALUME TP 40 0,43MM 7,00M","Estoque","",""
"2026-08-04","Perf. Telha Trapezoidal Marafon","02004","100","0","0","TELHA GALVALUME TP 40 0,43MM 4,00M","Estoque","",""
"2026-08-04","Dobra","00691D","600","0","0","DOBRA VERGALHAO CA60 5,00MM","Estoque","",""
"2026-08-04","Dobra","00694D","386","0","0","DOBRA VERGALHAO CA50 3/8"" (10,00MM)","Estoque","",""
"2026-08-04","Perfil ""U"" BR200 Regiane","00651B","454","0","0","PERFIL US 50X25X2,00","Estoque","",""
"2026-08-05","Perf. Telha Ondulada V8","02022","100","0","0","TELHA CUMEEIRA GL OND 17 ABAS 300MM","Estoque","",""
"2026-08-05","Perf. Telha Trapezoidal Marafon","02007","100","0","0","TELHA GALVALUME TP 40 0,43MM 7,00M","Estoque","",""
"2026-08-05","Perf. Telha Trapezoidal Marafon","02005","100","0","0","TELHA GALVALUME TP 40 0,43MM 5,00M","Estoque","",""
"2026-08-05","Perf. Telha Trapezoidal Marafon","02004","100","0","0","TELHA GALVALUME TP 40 0,43MM 4,00M","Estoque","",""
"2026-08-05","Perf. Telha Trapezoidal Marafon","02003","100","0","0","TELHA GALVALUME TP 40 0,43MM 3,00M","Estoque","",""
"2026-08-05","Perf. Telha Trapezoidal Marafon","02000","34","0","0","TELHA GALVALUME TP 40 0,43MM","Estoque","",""
"2026-08-06","Perf. Telha Trapezoidal Marafon","02000","26","0","0","TELHA GALVALUME TP 40 0,43MM","Estoque","",""
"2026-08-05","Prensa Estampa 09","81667","1243","10","0","CACAMBA M 40 CONST GALV","Estoque","",""
"2026-08-05","Prensa 500 ton","81627","660","14","0","CACAMBA M 40 POP GALV","Estoque","",""
"2026-08-05","Prensa 500 ton","81055","50","4","0","CACAMBA M 60 SUPER","Estoque","",""
"2026-08-05","Prensa Recorte 02","81667","2000","0","0","CACAMBA M 40 CONST GALV","Estoque","",""
"2026-08-05","Prensa Recorte 01","81627","750","0","0","CACAMBA M 40 POP GALV","Estoque","",""
"2026-08-05","Prensa Recorte 01","81667","420","0","0","CACAMBA M 40 CONST GALV","Estoque","",""
"2026-08-05","Rodadeira 01","81627","180","0","0","CACAMBA M 40 POP GALV","Estoque","",""
"2026-08-05","Rodadeira 02","81627","810","0","0","CACAMBA M 40 POP GALV","Estoque","",""
"2026-08-05","Prensa Debrum 03","81627","1125","1","1","CACAMBA M 40 POP GALV","Estoque","",""
"2026-08-05","Rodadeira 03","81667","849","1","0","CACAMBA M 40 CONST GALV","Estoque","",""
"2026-08-04","Perfil ""U"" Marafon","00670B","661","0","0","PERFIL UE 75X40X15X2,00","Estoque","",""
"2026-08-05","Perfil ""U"" Marafon","00670B","109","0","0","PERFIL UE 75X40X15X2,00","Estoque","",""
"2026-08-05","Perfil ""U"" ZL","00656K","432","0","0","PERFIL US 100X50X1,95 GALV","Estoque","",""
"2026-08-05","Perfil ""U"" ZL","00656B","219","0","0","PERFIL US 100X50X2,00","Estoque","",""
"2026-08-05","Perfil ""U"" BR200 Regiane","00651K","73","0","0","PERFIL US 50X25X1,95 GALV","Estoque","",""
"2026-08-06","Perf. Telha Trapezoidal Marafon","02000","250","0","0","TELHA GALVALUME TP 40 0,43MM","Estoque","",""
"2026-08-06","Perf. Telha Trapezoidal Marafon","02005","20","0","0","TELHA GALVALUME TP 40 0,43MM 5,00M","Estoque","",""
"2026-08-06","Perf. Telha Trapezoidal Marafon","02006","30","0","0","TELHA GALVALUME TP 40 0,43MM 6,00M","Estoque","",""
"2026-08-06","Perf. Telha Ondulada V8","02000","65","0","0","TELHA GALVALUME TP 40 0,43MM","Estoque","",""
"2026-08-06","Perf. Telha Ondulada V8","02013","5","0","0","TELHA GALVALUME OND 17 0,43MM 3,00M","Estoque","",""
"2026-08-06","Perf. Telha Ondulada V8","02016","201","0","0","TELHA GALVALUME OND 17 0,43MM 6,00M","Estoque","",""
"2026-08-07","Perf. Telha Trapezoidal Marafon","02000","58","0","0","TELHA GALVALUME TP 40 0,43MM","Estoque","",""
"2026-08-07","Perf. Telha Trapezoidal Marafon","02006","5","0","0","TELHA GALVALUME TP 40 0,43MM 6,00M","Estoque","",""
"2026-08-06","Prensa 500 ton","81055","750","10","1","CACAMBA M 60 SUPER","Estoque","",""
"2026-08-06","Prensa Estampa 09","81667","1217","3","0","CACAMBA M 40 CONST GALV","Estoque","",""
"2026-08-06","Prensa Debrum 03","81627","720","4","4","CACAMBA M 40 POP GALV","Estoque","",""
"2026-08-06","Prensa Recorte 01","81627","572","0","0","CACAMBA M 40 POP GALV","Estoque","",""
"2026-08-06","Prensa Recorte 01","81055","350","0","0","CACAMBA M 60 SUPER","Estoque","",""
"2026-08-06","Prensa Recorte 02","81667","2150","0","0","CACAMBA M 40 CONST GALV","Estoque","",""
"2026-08-06","Rodadeira 01","81667","250","0","0","CACAMBA M 40 CONST GALV","Estoque","",""
"2026-08-06","Rodadeira 03","81667","805","0","0","CACAMBA M 40 CONST GALV","Estoque","",""
"2026-08-06","Rodadeira 02","81667","722","0","0","CACAMBA M 40 CONST GALV","Estoque","",""
"2026-08-06","Rodadeira 02","81667","1500","0","0","CACAMBA M 40 CONST GALV","Estoque","",""
"2026-08-07","Prensa 500 ton","81055","721","21","2","CACAMBA M 60 SUPER","Estoque","",""
"2026-08-07","Prensa Estampa 09","81667","747","6","0","CACAMBA M 40 CONST GALV","Estoque","",""
"2026-08-07","Prensa Estampa 09","81667","90","43","0","CACAMBA M 40 CONST GALV","Estoque","",""
"2026-08-07","Prensa Estampa 09","81667","73","12","0","CACAMBA M 40 CONST GALV","Estoque","",""
"2026-08-07","Prensa Recorte 01","81055","882","0","0","CACAMBA M 60 SUPER","Estoque","",""
"2026-08-07","Rodadeira 02","81058","450","0","0","CACAMBA M 75 PLUS","Estoque","",""
"2026-08-07","Prensa Debrum 03","81055","765","5","0","CACAMBA M 60 SUPER","Estoque","",""
"2026-08-07","Rodadeira 03","81053","50","0","50","CACAMBA M 40 CONSTRUTOR","Estoque","",""
"2026-08-07","Rodadeira 03","81667","540","0","0","CACAMBA M 40 CONST GALV","Estoque","",""
"2026-08-07","Rodadeira 01","81667","1775","0","0","CACAMBA M 40 CONST GALV","Estoque","",""
"2026-08-07","Prensa Recorte 02","81667","1800","2","0","CACAMBA M 40 CONST GALV","Estoque","",""
"2026-08-05","Dobra","00693D","420","0","0","DOBRA VERGALHAO CA50 5/16"" (8,00MM)","Estoque","",""
"2026-08-06","Dobra","00695D","200","0","0","DOBRA VERGALHAO CA50 1/2"" (12,50MM)","Estoque","",""
"2026-08-06","Dobra","00694D","140","0","0","DOBRA VERGALHAO CA50 3/8"" (10,00MM)","Estoque","",""
"2026-08-06","Perfil ""U"" ZL","00656B","445","0","0","PERFIL US 100X50X2,00","Estoque","",""
"2026-08-06","Perfil ""U"" ZL","00655B","441","0","0","PERFIL US 100X40X2,00","Estoque","",""
"2026-08-06","Perfil ""U"" Marafon","00670K","211","0","0","PERFIL UE 75X40X15X1,95 GALV","Estoque","",""
"2026-08-06","Perfil ""U"" BR200 Regiane","00651K","235","0","0","PERFIL US 50X25X1,95 GALV","Estoque","",""
"2026-08-07","Perfil ""U"" ZL","00655B","217","0","0","PERFIL US 100X40X2,00","Estoque","",""
"2026-08-07","Perf. Telha Trapezoidal Marafon","02000","64","0","0","TELHA GALVALUME TP 40 0,43MM","Estoque","",""
"2026-08-07","Perf. Telha Trapezoidal Marafon","02004","20","0","0","TELHA GALVALUME TP 40 0,43MM 4,00M","Estoque","",""
"2026-08-07","Perf. Telha Trapezoidal Marafon","02006","200","0","0","TELHA GALVALUME TP 40 0,43MM 6,00M","Estoque","",""
"2026-08-07","Perf. Telha Trapezoidal Marafon","02020","32","0","0","TELHA CUMEEIRA GL TRAP 40 ABAS 300MM","Estoque","",""
"2026-08-07","Perf. Telha Trapezoidal Marafon","02005","300","0","0","TELHA GALVALUME TP 40 0,43MM 5,00M","Estoque","",""
"2026-08-07","Perfil ""U"" Marafon","00670B","112","0","0","PERFIL UE 75X40X15X2,00","Estoque","",""
"2026-08-07","Perfil ""U"" Marafon","00670A","117","0","0","PERFIL UE 75X40X15X1,80","Estoque","",""
"2026-08-10","Perfil ""U"" Marafon","00670A","617","0","0","PERFIL UE 75X40X15X1,80","Estoque","",""
"2026-08-10","Perfil ""U"" ZL","00672K","657","0","0","PERFIL UE 100X50X17X1,95 GALV","Estoque","",""
"2026-08-10","Perfil ""U"" BR200 Regiane","00651A","378","0","0","PERFIL US 50X25X1,80","Estoque","",""
"2026-08-11","Perf. Telha Trapezoidal Marafon","02006","100","0","0","TELHA GALVALUME TP 40 0,43MM 6,00M","Estoque","",""
"2026-08-11","Perf. Telha Trapezoidal Marafon","02000","79","0","0","TELHA GALVALUME TP 40 0,43MM","Estoque","",""
"2026-08-11","Perf. Telha Trapezoidal Marafon","02005","13","0","0","TELHA GALVALUME TP 40 0,43MM 5,00M","Estoque","",""
"2026-08-11","Perf. Telha Trapezoidal Marafon","02003","19","0","0","TELHA GALVALUME TP 40 0,43MM 3,00M","Estoque","",""
"2026-08-11","Perf. Telha Trapezoidal Marafon","02007","27","0","0","TELHA GALVALUME TP 40 0,43MM 7,00M","Estoque","",""
"2026-08-11","Perf. Telha Trapezoidal Marafon","02006","20","0","0","TELHA GALVALUME TP 40 0,43MM 6,00M","Estoque","",""
"2026-08-11","Perfil ""U"" ZL","00672K","438","0","0","PERFIL UE 100X50X17X1,95 GALV","Estoque","",""
"2026-08-11","Perfil ""U"" Marafon","00670A","501","0","0","PERFIL UE 75X40X15X1,80","Estoque","",""
"2026-08-11","Perfil ""U"" BR200 Regiane","00651A","127","0","0","PERFIL US 50X25X1,80","Estoque","",""
"2026-08-11","Rodadeira 01","81627","1372","0","0","CACAMBA M 40 POP GALV","Estoque","",""
"2026-08-11","Prensa Recorte 01","81627","1147","0","0","CACAMBA M 40 POP GALV","Estoque","",""
"2026-08-11","Prensa Recorte 01","81626","70","0","0","CACAMBA M 40 POP","Estoque","",""
"2026-08-11","Prensa Debrum 03","81627","1085","3","3","CACAMBA M 40 POP GALV","Estoque","",""
"2026-08-11","Rodadeira 03","81053","421","0","0","CACAMBA M 40 CONSTRUTOR","Estoque","",""
"2026-08-11","Rodadeira 01","81667","1600","0","0","CACAMBA M 40 CONST GALV","Estoque","",""
"2026-08-11","Prensa Estampa 09","81053","566","1","6","CACAMBA M 40 CONSTRUTOR","Estoque","",""
"2026-08-11","Prensa Recorte 02","81053","2000","0","0","CACAMBA M 40 CONSTRUTOR","Estoque","",""
"2026-08-11","Prensa 500 ton","81627","627","7","0","CACAMBA M 40 POP GALV","Estoque","",""
"2026-08-12","Perfil ""U"" ZL","00672K","566","0","0","PERFIL UE 100X50X17X1,95 GALV","Estoque","",""
"2026-08-12","Perfil ""U"" Marafon","00650K","221","0","0","PERFIL US 45X17X1,95 GALV","Estoque","",""
"2026-08-12","Perf. Telha Trapezoidal Marafon","02006","300","0","0","TELHA GALVALUME TP 40 0,43MM 6,00M","Estoque","",""
"2026-08-12","Perf. Telha Trapezoidal Marafon","02003","2","0","0","TELHA GALVALUME TP 40 0,43MM 3,00M","Estoque","",""
"2026-08-10","Prensa Recorte 02","81055","1543","0","0","CACAMBA M 60 SUPER","Estoque","",""
"2026-08-10","Prensa Recorte 02","81667","343","0","0","CACAMBA M 40 CONST GALV","Estoque","",""
"2026-08-10","Prensa Estampa 09","81627","621","7","0","CACAMBA M 40 POP GALV","Estoque","",""
"2026-08-10","Prensa 500 ton","81667","296","18","0","CACAMBA M 40 CONST GALV","Estoque","",""
"2026-08-10","Prensa 500 ton","81053","792","8","0","CACAMBA M 40 CONSTRUTOR","Estoque","",""
